Tipo Fondo,Fondo Mutuo,Administradora,Fec. Inicio Operación,Moneda Cuota,Valor Cuota,Rentabilidad 2024,Rentabilidad 2023,Rentabilidad 2022,Rentabilidad 2021,Rentabilidad 2020,Rentabilidad 2019,Rentabilidad 2018,Rentabilidad 2017,Rentabilidad 2016,Rentabilidad 2015,Rentabilidad 2014,Patrimonio S/.,Partícipes N,Años,Categoria,Fund id,Highest Return,Lowest Return,Avg Return (Arithmetic),Standard Deviation of Returns,Total Cumulative Return,Cumulative Return Period,Annualized Cumulative Return,CAGR,Sharpe Ratio,Risk,Logo
Renta Variable,CREDICORP ACCIONES GLOBAL,CREDIFONDO SAF,25/03/2013,$,186.38,0.1297,0.1656,-0.2041,0.1397,0.1303,0.2313,-0.1154,0.2009,0.0315,-0.0556,-0.0042,24914774.44,938.0,11,Renta Variable,1,0.2313,-0.2041,0.0618761904761904,0.1332764456177602,0.7130515812090841,10.5,0.0679096744008651,0.0526011773254178,0.2446131960850658,Medium,/logosFondosMutuos/logoCredicorp.png
Renta Variable,CREDICORP CAPITAL ACCIONES,CREDIFONDO SAF,17/01/2007,$,171.49,0.1415,0.228,0.0215,-0.0644,-0.0588,0.0563,-0.1253,0.2724,0.5416,-0.4038,-0.116,44109977.34,617.0,17,Renta Variable,2,0.5416,-0.4038,0.0469523809523809,0.2375902850839549,0.2044001206575001,10.5,0.0194666781578571,0.0178703322639433,-0.0089636145489036,High,/logosFondosMutuos/logoCredicorp.png
Renta Variable,-Faro Global Innovation Instit. SERIE A,FARO CAPITAL SAFI,27/01/2020,$,92.71,0.0574,0.2314,-0.3026,-0.1966,,,,,,,,,1.0,4,Renta Variable,3,0.2314,-0.3026,-0.0601142857142857,0.2098915541173487,-0.2704547641000625,3.5,-0.0772727897428749,-0.0861560005145603,-0.5057659464239772,High,/logosFondosMutuos/logoFaro.png
Renta Variable,-Faro Global Innovation Instit. SERIE B,FARO CAPITAL SAFI,27/01/2020,$,125.35,0.0553,0.2285,-0.3043,-0.0248,,,,,,,,,4.0,4,Renta Variable,4,0.2285,-0.3043,-0.0129428571428571,0.1923416994224983,-0.1204373179026282,3.5,-0.0344106622578937,-0.0360017908054489,-0.2911578247129618,Medium High,/logosFondosMutuos/logoFaro.png
Renta Variable,-Faro Global Innovation Instit. SERIE C,FARO CAPITAL SAFI,27/01/2020,$,123.93,0.0532,0.2256,-0.3059,-0.0271,0.4255,,,,,,,,22.0,4,Renta Variable,5,0.4255,-0.3059,0.0825111111111111,0.2457041864408661,0.2425591511035233,4.5,0.0539020335785607,0.0494441944667614,0.1198359494531761,High,/logosFondosMutuos/logoFaro.png
Renta Variable,-FARO RENTA VARIABLE GLOBAL SERIE A,FARO CAPITAL SAFI,29/05/2018,$,152.56,0.1273,0.1724,-0.206,0.1192,0.2443,0.1666,-0.1108,,,,,,3.0,6,Renta Variable,6,0.2443,-0.206,0.0789230769230769,0.1534895378351634,0.5159680484865024,6.5,0.0793796997671542,0.0661012901407007,0.3003546091213733,Medium High,/logosFondosMutuos/logoFaro.png
Renta Variable,-FARO RENTA VARIABLE GLOBAL SERIE B,FARO CAPITAL SAFI,29/05/2018,$,149.77,0.125,0.1697,-0.208,0.1165,0.2414,0.1618,-0.1133,,,,,,8.0,6,Renta Variable,7,0.2414,-0.208,0.0758615384615384,0.1530730880021002,0.4880952931247321,6.5,0.0750915835576511,0.0630619550153726,0.2813163017576398,Medium High,/logosFondosMutuos/logoFaro.png
Renta Variable,-FARO RENTA VARIABLE GLOBAL SERIE C,FARO CAPITAL SAFI,29/05/2018,$,145.22,0.1205,0.1642,-0.2117,0.1113,0.2356,0.156,-0.1158,,,,,,38.0,6,Renta Variable,8,0.2356,-0.2117,0.0707846153846153,0.1520698614589982,0.4432731790280795,6.5,0.0681958736966276,0.0580718500468995,0.2503576295896384,Medium High,/logosFondosMutuos/logoFaro.png
Renta Variable,IF ACCIONES,INTERFONDO,19/01/2007,S/.,109.5,0.0909,0.1398,-0.0743,0.075,0.0031,-0.0132,-0.0914,0.2204,0.4764,-0.3053,-0.075,10327463.73,1319.0,17,Renta Variable,9,0.4764,-0.3053,0.0425142857142857,0.1915918282329392,0.2884978350709622,10.5,0.0274759842924725,0.0244344184485794,0.0231451335345472,Medium High,/logosFondosMutuos/logoInterFondos.png
Renta Variable,Promoinvest Fondo Selectivo,PROMOINVEST SAF,14/01/1999,$,3.25,0.0933,0.0595,-0.0381,0.03,-0.1799,-0.0352,-0.1698,0.2781,0.7177,-0.5004,-0.1759,4637106.61,451.0,25,Renta Variable,10,0.7177,-0.5004,0.0075523809523809,0.2939133028353616,-0.3185895513878651,10.5,-0.0303418620369395,-0.0358731663420588,-0.1901008419933844,High,/logosFondosMutuos/logoPromoInvest.png
Renta Variable,SCOTIA FONDO ACCIONES,SCOTIA FONDOS,04/02/2008,S/.,11.16,0.1512,0.1729,-0.0373,-0.0551,0.0045,-0.0032,-0.1278,0.0711,0.4648,-0.348,-0.0725,3201976.0,182.0,16,Renta Variable,11,0.4648,-0.348,0.0210095238095238,0.1946061241428604,0.0177298331829453,10.5,0.0016885555412328,0.0016751627683362,-0.0941637233276969,Medium High,/logosFondosMutuos/logoScotia2.png
Renta Variable,SURA ACCIONES,FONDOS SURA SAF,22/01/2007,S/.,16.37,0.1317,0.202,-0.0726,0.0576,0.0648,0.0142,-0.0982,0.2643,0.5058,-0.3078,-0.0779,16872639.39,659.0,17,Renta Variable,12,0.5058,-0.3078,0.0651333333333333,0.2055713100978673,0.5788949825505563,10.5,0.0551328554810053,0.0444575298098508,0.118973458884935,High,/logosFondosMutuos/logoSura.png
Corto Plazo Soles,-AC CASH PLUS S/ SERIE A,ANDEAN CROWN SAF S.A.C.,14/08/2024,S/.,10.26,0.0132,,,,,,,,,,,,48.0,0,Renta Fija,13,0.0132,0.0132,0.0264,,0.0132,0.5,0.0264000000000001,0.0265742400000001,,,/logosFondosMutuos/logoAC.png
Corto Plazo Soles,-Prudential Corto Plazo S/. SERIE A,PRUDENTIALSAF SAF,04/04/2024,S/.,10.66,0.0286,,,,,,,,,,,,219.0,0,Renta Fija,14,0.0286,0.0286,0.0572,,0.0285999999999999,0.5,0.0571999999999999,0.0580179599999999,,,/logosFondosMutuos/logoPrudential.png
Corto Plazo Soles,-Prudential Corto Plazo S/. SERIE B,PRUDENTIALSAF SAF,04/04/2024,S/.,10.56,0.029,,,,,,,,,,,,6.0,0,Renta Fija,15,0.029,0.029,0.058,,0.0289999999999999,0.5,0.0579999999999998,0.0588409999999999,,,/logosFondosMutuos/logoPrudential.png
Corto Plazo Dólares,-Andean Crown Cash Plus $ SERIE A,ANDEAN CROWN SAF S.A.C.,04/12/2024,$,10.33,0.0272,,,,,,,,,,,,54.0,0,Renta Fija,16,0.0272,0.0272,0.0544,,0.0271999999999998,0.5,0.0543999999999996,0.0551398399999998,,,/logosFondosMutuos/logoAC.png
Corto Plazo Dólares,-Andean Crown Cash Plus $ SERIE B,ANDEAN CROWN SAF S.A.C.,04/12/2024,$,10.34,0.0283,,,,,,,,,,,,2.0,0,Renta Fija,17,0.0283,0.0283,0.0566,,0.0282999999999999,0.5,0.0565999999999999,0.05740089,,,/logosFondosMutuos/logoAC.png
Corto Plazo Dólares,-Prudential Corto Plazo $ SERIE A,PRUDENTIALSAF SAF,08/01/2024,$,10.57,0.0106,,,,,,,,,,,,154.0,0,Renta Fija,18,0.0106,0.0106,0.0212,,0.0105999999999998,0.5,0.0211999999999997,0.0213123599999998,,,/logosFondosMutuos/logoPrudential.png
Corto Plazo Dólares,-Prudential Corto Plazo $ SERIE B,PRUDENTIALSAF SAF,08/01/2024,$,10.46,0.011,,,,,,,,,,,,1.0,0,Renta Fija,19,0.011,0.011,0.022,,0.0109999999999999,0.5,0.0219999999999998,0.0221209999999998,,,/logosFondosMutuos/logoPrudential.png
Estructurado,CC BARRERA CONDICIONAL XIII,CREDIFONDO SAF,15/06/2022,$,105.2,-0.0339,0.0037,0.0846,,,,,,,,,19165318.17,147.0,2,Estructurado,20,0.0846,-0.0339,0.0217599999999999,0.0495750770717168,0.051709038622,2.5,0.0206836154488,0.0203713184243827,0.0074900221303865,Low,/logosFondosMutuos/logoCredicorp.png
Estructurado,CC CUPON ESCALONADO LII,CREDIFONDO SAF,23/01/2024,$,106.7,0.0652,,,,,,,,,,,90001199.64,273.0,0,Estructurado,21,0.0652,0.0652,0.1304,,0.0651999999999999,0.5,0.1303999999999999,0.1346510399999998,,,/logosFondosMutuos/logoCredicorp.png
Estructurado,CC CUPON ESCALONADO LV,CREDIFONDO SAF,26/02/2024,$,103.28,0.0295,,,,,,,,,,,74583450.47,245.0,0,Estructurado,22,0.0295,0.0295,0.059,,0.0295,0.5,0.059,0.0598702500000001,,,/logosFondosMutuos/logoCredicorp.png
Estructurado,CC CUPON ESCALONADO LVIII,CREDIFONDO SAF,04/02/2024,$,103.01,0.0271,,,,,,,,,,,94597654.71,378.0,0,Estructurado,23,0.0271,0.0271,0.0542,,0.0270999999999999,0.5,0.0541999999999998,0.0549344099999997,,,/logosFondosMutuos/logoCredicorp.png
Estructurado,CC CUPON ESCALONADO LX,CREDIFONDO SAF,05/02/2024,$,102.53,0.0229,,,,,,,,,,,30513762.56,115.0,0,Estructurado,24,0.0229,0.0229,0.0458,,0.0228999999999999,0.5,0.0457999999999998,0.0463244099999997,,,/logosFondosMutuos/logoCredicorp.png
Estructurado,CC CUPON ESCALONADO LXI,CREDIFONDO SAF,05/02/2024,$,102.52,0.0222,,,,,,,,,,,65740102.58,206.0,0,Estructurado,25,0.0222,0.0222,0.0444,,0.0221999999999999,0.5,0.0443999999999999,0.0448928399999999,,,/logosFondosMutuos/logoCredicorp.png
Estructurado,CC CUPON ESCALONADO LXIII,CREDIFONDO SAF,13/06/2024,$,102.18,0.017,,,,,,,,,,,36554030.22,158.0,0,Estructurado,26,0.017,0.017,0.034,,0.0169999999999998,0.5,0.0339999999999997,0.0342889999999997,,,/logosFondosMutuos/logoCredicorp.png
Estructurado,CC CUPON ESCALONADO LXIV,CREDIFONDO SAF,13/06/2024,$,102.46,0.0197,,,,,,,,,,,90052132.77,335.0,0,Estructurado,27,0.0197,0.0197,0.0394,,0.0196999999999999,0.5,0.0393999999999999,0.03978809,,,/logosFondosMutuos/logoCredicorp.png
Estructurado,CC CUPON ESCALONADO LXIX,CREDIFONDO SAF,30/07/2024,$,101.2,0.011,,,,,,,,,,,41519925.31,175.0,0,Estructurado,28,0.011,0.011,0.022,,0.0109999999999999,0.5,0.0219999999999998,0.0221209999999998,,,/logosFondosMutuos/logoCredicorp.png
Estructurado,CC CUPON ESCALONADO LXVI,CREDIFONDO SAF,16/07/2024,$,101.51,0.0129,,,,,,,,,,,51673280.89,154.0,0,Estructurado,29,0.0129,0.0129,0.0258,,0.0128999999999999,0.5,0.0257999999999998,0.0259664099999998,,,/logosFondosMutuos/logoCredicorp.png
Estructurado,CC CUPON ESCALONADO LXVII,CREDIFONDO SAF,16/07/2024,$,101.71,0.0147,,,,,,,,,,,70050885.42,274.0,0,Estructurado,30,0.0147,0.0147,0.0294,,0.0146999999999999,0.5,0.0293999999999999,0.0296160899999997,,,/logosFondosMutuos/logoCredicorp.png
Estructurado,CC CUPON ESCALONADO LXVIII,CREDIFONDO SAF,30/07/2024,$,101.28,0.0118,,,,,,,,,,,337320730.15,1086.0,0,Estructurado,31,0.0118,0.0118,0.0236,,0.0118,0.5,0.0236000000000001,0.02373924,,,/logosFondosMutuos/logoCredicorp.png
Estructurado,CC CUPON ESCALONADO LXX,CREDIFONDO SAF,30/07/2024,$,101.32,0.0121,,,,,,,,,,,38127098.83,153.0,0,Estructurado,32,0.0121,0.0121,0.0242,,0.0120999999999999,0.5,0.0241999999999998,0.0243464099999999,,,/logosFondosMutuos/logoCredicorp.png
Estructurado,CC CUPON ESCALONADO LXXI,CREDIFONDO SAF,13/08/2024,$,101.08,0.0095,,,,,,,,,,,134654894.7,511.0,0,Estructurado,33,0.0095,0.0095,0.019,,0.0095,0.5,0.019,0.01909025,,,/logosFondosMutuos/logoCredicorp.png
Estructurado,CC CUPON ESCALONADO LXXII,CREDIFONDO SAF,13/08/2024,$,101.02,0.0091,,,,,,,,,,,36547357.86,175.0,0,Estructurado,34,0.0091,0.0091,0.0182,,0.0091000000000001,0.5,0.0182000000000002,0.0182828100000003,,,/logosFondosMutuos/logoCredicorp.png
Estructurado,CC CUPON ESCALONADO LXXIII,CREDIFONDO SAF,13/08/2024,$,100.91,0.008,,,,,,,,,,,22987255.3,92.0,0,Estructurado,35,0.008,0.008,0.016,,0.0079999999999999,0.5,0.0159999999999999,0.016064,,,/logosFondosMutuos/logoCredicorp.png
Estructurado,CC CUPON ESCALONADO LXXIV,CREDIFONDO SAF,29/08/2024,$,100.85,0.0071,,,,,,,,,,,189839345.96,649.0,0,Estructurado,36,0.0071,0.0071,0.0142,,0.0071,0.5,0.0142000000000001,0.0142504100000002,,,/logosFondosMutuos/logoCredicorp.png
Estructurado,CC Cupon Escalonado LXXIX,CREDIFONDO SAF,10/03/2024,$,100.05,-0.0001,,,,,,,,,,,16398935.37,78.0,0,Estructurado,37,-0.0001,-0.0001,-0.0002,,-0.0001,0.5,-0.0002000000000001,-0.0001999900000001,,,/logosFondosMutuos/logoCredicorp.png
Estructurado,CC CUPON ESCALONADO LXXV,CREDIFONDO SAF,29/08/2024,$,100.76,0.0062,,,,,,,,,,,30744790.12,112.0,0,Estructurado,38,0.0062,0.0062,0.0124,,0.0062,0.5,0.0124,0.0124384399999999,,,/logosFondosMutuos/logoCredicorp.png
Estructurado,CC CUPON ESCALONADO LXXVI,CREDIFONDO SAF,09/12/2024,$,100.47,0.0036,,,,,,,,,,,18908272.96,89.0,0,Estructurado,39,0.0036,0.0036,0.0072,,0.0035999999999999,0.5,0.0071999999999999,0.0072129600000001,,,/logosFondosMutuos/logoCredicorp.png
Estructurado,CC CUPON ESCALONADO LXXVII,CREDIFONDO SAF,13/09/2024,$,100.61,0.0051,,,,,,,,,,,136102713.86,369.0,0,Estructurado,40,0.0051,0.0051,0.0102,,0.0051,0.5,0.0102000000000001,0.0102260100000002,,,/logosFondosMutuos/logoCredicorp.png
Estructurado,CC CUPON ESCALONADO LXXVIII,CREDIFONDO SAF,13/09/2024,$,100.58,0.0046,,,,,,,,,,,30597203.32,94.0,0,Estructurado,41,0.0046,0.0046,0.0092,,0.0045999999999999,0.5,0.0091999999999998,0.0092211599999998,,,/logosFondosMutuos/logoCredicorp.png
Estructurado,CC CUPON ESCALONADO LXXX,CREDIFONDO SAF,10/03/2024,$,100.45,0.0026,,,,,,,,,,,166170146.86,565.0,0,Estructurado,42,0.0026,0.0026,0.0052,,0.0025999999999999,0.5,0.0051999999999998,0.0052067599999998,,,/logosFondosMutuos/logoCredicorp.png
Estructurado,CC CUPON ESCALONADO LXXXI,CREDIFONDO SAF,10/03/2024,$,100.26,0.001,,,,,,,,,,,19778018.54,88.0,0,Estructurado,43,0.001,0.001,0.002,,0.0009999999999999,0.5,0.0019999999999998,0.0020009999999996,,,/logosFondosMutuos/logoCredicorp.png
Estructurado,CC CUPON ESCALONADO XLIX,CREDIFONDO SAF,27/12/2023,$,104.37,0.0407,0.0006,,,,,,,,,,112926930.11,398.0,1,Estructurado,44,0.0407,0.0006,0.0275333333333333,0.0211986503763276,0.0413244199999998,1.5,0.0275496133333332,0.0273632712141309,0.3473462264538051,Low,/logosFondosMutuos/logoCredicorp.png
Estructurado,CC CUPON ESCALONADO XLVI,CREDIFONDO SAF,16/11/2023,$,104.89,0.0402,0.0086,,,,,,,,,,157858318.33,522.0,1,Estructurado,45,0.0402,0.0086,0.0325333333333333,0.0177705124042924,0.04914572,1.5,0.0327638133333333,0.0325011455509511,0.703476932265136,Low,/logosFondosMutuos/logoCredicorp.png
Estructurado,IF 35 Custodia Dólares FMIV,INTERFONDO,27/11/2023,$,52.62,0.0419,0.0071,,,,,,,,,,71298721.09,394.0,1,Estructurado,46,0.0419,0.0071,0.0326666666666666,0.0192211977890152,0.0492974900000001,1.5,0.0328649933333334,0.0326007179414522,0.6555636167821685,Low,/logosFondosMutuos/logoInterFondos.png
Estructurado,IF 36 Custodio Dólares FMIV,INTERFONDO,21/12/2023,$,52.35,0.0411,0.0028,,,,,,,,,,59596393.39,320.0,1,Estructurado,47,0.0411,0.0028,0.0292666666666666,0.0205001490509486,0.0440150799999997,1.5,0.0293433866666665,0.02913223398236,0.4454715894827843,Low,/logosFondosMutuos/logoInterFondos.png
Estructurado,IF 37 Custodia Dólares FMIV,INTERFONDO,23/01/2024,$,51.95,0.0353,,,,,,,,,,,49333870.54,382.0,0,Estructurado,48,0.0353,0.0353,0.0706,,0.0352999999999998,0.5,0.0705999999999997,0.0718460899999997,,,/logosFondosMutuos/logoInterFondos.png
Estructurado,IF 38 Custodia Dólares FMIV,INTERFONDO,26/02/2024,$,51.57,0.0291,,,,,,,,,,,55203634.59,334.0,0,Estructurado,49,0.0291,0.0291,0.0582,,0.0290999999999999,0.5,0.0581999999999999,0.0590468099999998,,,/logosFondosMutuos/logoInterFondos.png
Estructurado,IF 39 Custodia Dólares FMIV,INTERFONDO,27/06/2024,$,51.17,0.0207,,,,,,,,,,,71032090.37,418.0,0,Estructurado,50,0.0207,0.0207,0.0414,,0.0206999999999999,0.5,0.0413999999999998,0.0418284899999998,,,/logosFondosMutuos/logoInterFondos.png
Estructurado,IF 41 Custodia Dólares FMIV,INTERFONDO,19/09/2024,$,50.34,0.0042,,,,,,,,,,,44686575.51,244.0,0,Estructurado,51,0.0042,0.0042,0.0084,,0.0042,0.5,0.0084,0.00841764,,,/logosFondosMutuos/logoInterFondos.png
Estructurado,Prudential Renta Segura $ I,PRUDENTIALSAF SAF,25/08/2024,$,10.2,0.0089,,,,,,,,,,,3517152.44,40.0,0,Estructurado,52,0.0089,0.0089,0.0178,,0.0088999999999998,0.5,0.0177999999999997,0.0178792099999998,,,/logosFondosMutuos/logoPrudential.png
Estructurado,SF Inversiones Smart $ I,SCOTIA FONDOS,06/06/2024,$,102.33,0.0197,,,,,,,,,,,92636183.15,300.0,0,Estructurado,53,0.0197,0.0197,0.0394,,0.0196999999999999,0.5,0.0393999999999999,0.03978809,,,/logosFondosMutuos/logoScotia2.png
Estructurado,SF Inversiones Smart $ II,SCOTIA FONDOS,17/10/2024,$,100.59,0.0011,,,,,,,,,,,39344102.0,107.0,0,Estructurado,54,0.0011,0.0011,0.0022,,0.0011000000000001,0.5,0.0022000000000002,0.0022012100000001,,,/logosFondosMutuos/logoScotia2.png
Renta Mixta Crecimiento Soles,CRED. CRECIMIENTO VCS,CREDIFONDO SAF,19/06/2008,S/.,162.92,0.1157,0.1561,-0.007,0.0144,0.0319,0.039,-0.0641,0.1833,0.3873,-0.2569,-0.0369,28847087.22,556.0,16,Renta Mixta,55,0.3873,-0.2569,0.0535999999999999,0.1557641807348531,0.5316792381129537,10.5,0.0506361179155194,0.0414418627863357,0.1376559276027317,Medium High,/logosFondosMutuos/logoCredicorp.png
Renta Mixta Balanceado Dólares,CRED. EQUILIBRADO,CREDIFONDO SAF,03/09/2007,$,145.95,0.0773,0.1281,-0.0036,-0.0317,-0.0131,0.0576,-0.0723,0.1401,0.2536,-0.2343,-0.0592,19625851.24,328.0,17,Renta Mixta,56,0.2536,-0.2343,0.023095238095238,0.123996924365538,0.16892848662827,10.5,0.0160884272979304,0.0149765174837677,-0.0405129606394369,Medium,/logosFondosMutuos/logoCredicorp.png
Renta Mixta Balanceado Dólares,IF MIXTO BALANCEADO,INTERFONDO,31/12/1995,$,68.7,0.0652,0.1257,-0.0022,-0.0388,-0.0322,0.0162,-0.0673,0.1365,0.2485,-0.2057,-0.0538,14597338.74,639.0,29,Renta Mixta,57,0.2485,-0.2057,0.018295238095238,0.116632543653673,0.1249762753840502,10.5,0.0119025024175285,0.0112785521593843,-0.074777138244648,Medium,/logosFondosMutuos/logoInterFondos.png
Renta Mixta Balanceado Dólares,SCOTIA FONDO MIXTO BALANCEADO,SCOTIA FONDOS,17/04/2007,$,10.97,0.0555,0.0994,0.0318,-0.0841,-0.0418,0.0268,-0.0685,0.0608,0.2688,-0.2327,-0.0668,4363668.35,208.0,17,Renta Mixta,58,0.2688,-0.2327,0.0046857142857142,0.1215597274879257,-0.0313897780442329,10.5,-0.0029895026708793,-0.0030328198476194,-0.1894773896223754,Medium,/logosFondosMutuos/logoScotia2.png
Renta Mixta Moderado Soles,CRED. MODERADO VCS,CREDIFONDO SAF,16/06/2008,S/.,159.31,0.0638,0.0881,-0.0002,-0.0247,0.0285,0.0395,-0.0157,0.0945,0.1572,-0.0874,0.0066,10077538.21,255.0,16,Renta Mixta,59,0.1572,-0.0874,0.0333523809523809,0.0641459747536624,0.381968070641322,10.5,0.0363779114896497,0.03128989593951,0.1760031862149764,Medium Low,/logosFondosMutuos/logoCredicorp.png
Renta Mixta Moderado Soles,IF INVERSION FLEXIBLE,INTERFONDO,30/10/2007,S/.,159.92,0.0796,0.0684,0.0086,0.0011,0.0125,0.0177,-0.0048,0.0933,0.1824,-0.0636,0.0278,20505413.42,408.0,17,Renta Mixta,60,0.1824,-0.0636,0.0402857142857142,0.0618984008053798,0.48590875544905,10.5,0.0462770243284809,0.0384371198494446,0.2978610046391084,Medium Low,/logosFondosMutuos/logoInterFondos.png
Renta Mixta Moderado Dólares,CRED. MODERADO,CREDIFONDO SAF,14/09/2002,$,57.21,0.0436,0.0766,-0.0166,-0.0229,0.0021,0.0526,-0.0509,0.0781,0.1267,-0.1292,-0.0304,28666640.58,409.0,22,Renta Mixta,61,0.1267,-0.1292,0.0123523809523809,0.0688700732262454,0.108466141330153,10.5,0.0103301086981098,0.009855602549504,-0.1472976138296029,Medium Low,/logosFondosMutuos/logoCredicorp.png
Inst. Deuda Mediano Plazo S/,BBVA RENTA MED. PLAZO S/.,CONTINENTAL FM,17/10/1997,S/.,368.25,0.0498,0.1032,0.0056,-0.0486,0.0347,0.0627,0.0154,0.0667,0.0522,0.0084,0.0361,234067426.49,6566.0,27,Renta Fija,62,0.1032,-0.0486,0.0367809523809523,0.0380373684916928,0.4507301113430753,10.5,0.042926677270769,0.0360702475701,0.4224857871966001,Low,/logosFondosMutuos/logoBbva.svg
Inst. Deuda Mediano Plazo S/,CC CONSERV. MED. PLAZO S/.,CREDIFONDO SAF,03/09/2007,S/.,205.38,0.0616,0.0917,0.0023,-0.0343,0.0467,0.0619,0.0231,0.0662,0.0651,0.0262,0.0417,456511696.5,5262.0,17,Renta Fija,63,0.0917,-0.0343,0.0430666666666666,0.0336151240612996,0.5485735919888589,10.5,0.0522451039989389,0.0425304473761811,0.6702473367373344,Low,/logosFondosMutuos/logoCredicorp.png
Inst. Deuda Mediano Plazo S/,IF MEDIANO PLAZO SOLES,INTERFONDO,14/03/2002,S/.,215.46,0.0542,0.0926,-0.0675,-0.0386,0.0283,0.0492,0.0187,0.0597,0.0465,0.0185,0.041,64528043.5,3450.0,22,Renta Fija,64,0.0926,-0.0675,0.0288190476190476,0.0432477481739703,0.3344291490950948,10.5,0.0318503951519137,0.0278574941148923,0.1816856240302836,Low,/logosFondosMutuos/logoInterFondos.png
Inst. Deuda Mediano Plazo S/,SURA RENTA SOLES,FONDOS SURA SAF,19/05/2006,S/.,221.79,0.052,0.0786,0.0132,-0.0256,0.0494,0.0569,0.0361,0.0626,0.0566,-0.0016,0.0507,109091620.77,828.0,18,Renta Fija,65,0.0786,-0.0256,0.040847619047619,0.0296997554036544,0.5161737251229142,10.5,0.0491594023926584,0.0404331646997906,0.6879910094234792,Low,/logosFondosMutuos/logoSura.png
Inst. Deuda Mediano Plazo $,BBVA RENTA MED. PLAZO $,CONTINENTAL FM,21/10/1997,$,205.85,0.0478,0.0607,-0.0366,-0.0268,0.0257,0.0565,-0.0039,0.0245,0.0072,-0.0074,0.0085,288569228.94,2312.0,27,Renta Fija,66,0.0607,-0.0366,0.0148761904761904,0.0308385378281505,0.1618507841878259,10.5,0.0154143603988405,0.0143896181914131,-0.1819276205587633,Low,/logosFondosMutuos/logoBbva.svg
Inst. Deuda Mediano Plazo $,CREDICORP CONSER. MED. PLA. $,CREDIFONDO SAF,26/03/1996,$,269.23,0.0537,0.0603,-0.036,-0.0063,0.0401,0.0629,-0.0058,0.0303,0.0177,0.0013,0.011,690801831.06,6141.0,28,Renta Fija,67,0.0629,-0.036,0.0218285714285714,0.0302154907499712,0.2485851734355202,10.5,0.0236747784224304,0.021369025696974,0.0453087361149472,Low,/logosFondosMutuos/logoCredicorp.png
Inst. Deuda Mediano Plazo $,IF MEDIANO PLAZO,INTERFONDO,09/01/1997,$,113.02,0.0329,0.0331,-0.0439,-0.0142,0.0309,0.044,-0.0026,0.0228,0.0146,-0.0033,0.0116,84657300.04,3915.0,27,Renta Fija,68,0.044,-0.0439,0.0119904761904761,0.0245785841874518,0.1296347127415914,10.5,0.0123461631182468,0.011676628361106,-0.3386432503766142,Low,/logosFondosMutuos/logoInterFondos.png
Inst. Deuda Corto Plazo S/,BBVA CASH SOLES,CONTINENTAL FM,12/02/2008,S/.,162.43,0.0476,0.0713,0.038,0.001,0.0091,0.0249,0.0199,0.0317,0.038,0.0324,0.0294,2627556697.17,73771.0,16,Renta Fija,69,0.0713,0.001,0.0326952380952381,0.0180063222708957,0.3998911262030284,10.5,0.0380848691621931,0.0325562959070093,0.6973270675769562,Low,/logosFondosMutuos/logoBbva.svg
Inst. Deuda Corto Plazo S/,BBVA RENTA CORTO PLAZO S/.,CONTINENTAL FM,27/12/2005,S/.,196.55,0.0496,0.0768,0.0272,-0.0195,0.0245,0.0378,0.0222,0.045,0.0443,0.0297,0.0326,407263099.55,5396.0,19,Renta Fija,70,0.0768,-0.0195,0.0352571428571428,0.0223649457359872,0.4355138443292625,10.5,0.0414775089837392,0.0350303490359307,0.6720494300929826,Low,/logosFondosMutuos/logoBbva.svg
Inst. Deuda Corto Plazo S/,BBVA TESORERIA SOLES FMIV,CONTINENTAL FM,10/03/2018,S/.,125.27,0.0487,0.0708,0.0344,0.0014,0.0138,0.032,0.0073,,,,,293390258.92,460.0,6,Renta Fija,71,0.0708,0.0014,0.0320615384615384,0.0228964330000353,0.2258760141216149,6.5,0.0347501560187099,0.0318276491354749,0.5165716919948509,Low,/logosFondosMutuos/logoBbva.svg
Inst. Deuda Corto Plazo S/,CRED. CONSER. CORTO PLAZO S/,CREDIFONDO SAF,02/10/2014,S/.,153.37,0.0537,0.0754,0.0329,-0.0076,0.0307,0.0377,0.0293,0.0457,0.0491,0.0479,0.0321,809653839.22,10978.0,10,Renta Fija,72,0.0754,-0.0076,0.0406571428571428,0.0195991125655747,0.5172031098936568,10.5,0.0492574390374911,0.0405004190389399,1.045987106321759,Low,/logosFondosMutuos/logoCredicorp.png
Inst. Deuda Corto Plazo S/,CRED. CONSERVAD. LIQUIDEZ S/,CREDIFONDO SAF,04/06/2000,S/.,333.61,0.0478,0.0721,0.0457,0.002,0.0136,0.0302,0.0281,0.0388,0.0424,0.035,0.0334,2183626616.03,32793.0,24,Renta Fija,73,0.0721,0.002,0.0370571428571428,0.0175130902538982,0.4634812980108848,10.5,0.0441410760010366,0.0369341072641564,0.9669399870983392,Low,/logosFondosMutuos/logoCredicorp.png
Inst. Deuda Corto Plazo S/,DIVISO CONSERVADOR SOLES,DIVISO FONDOS SAF S.A.,31/07/2013,S/.,149.14,-0.048,0.077,0.0495,0.0145,0.0217,0.04,0.0361,0.0543,0.0588,0.0383,0.0352,3773645.66,157.0,11,Renta Fija,74,0.077,-0.048,0.0359428571428571,0.0308376543797316,0.4420184228075016,10.5,0.0420969926483334,0.0354760945445844,0.5018570593603982,Low,/logosFondosMutuos/logoDiviso.png
Inst. Deuda Corto Plazo S/,SF Liquidez S/.,SCOTIA FONDOS,30/01/2023,S/.,11.27,0.0437,0.0635,,,,,,,,,,1177083339.99,15097.0,1,Renta Fija,75,0.0635,0.0437,0.0714666666666666,0.0204261542581509,0.10997495,1.5,0.0733166333333333,0.0720345572124543,2.547447578963145,Low,/logosFondosMutuos/logoScotia2.png
Inst. Deuda Corto Plazo S/,SURA CORTO PLAZO SOLES,FONDOS SURA SAF,25/03/2009,S/.,188.65,0.0525,0.067,0.0394,-0.0067,0.0296,0.0429,0.0324,0.0505,0.0526,0.0362,0.0438,210884917.84,823.0,15,Renta Fija,76,0.067,-0.0067,0.0419238095238095,0.0180369871252313,0.5371957391798182,10.5,0.0511614989695064,0.0417985068977444,1.2085447944491363,Low,/logosFondosMutuos/logoSura.png
Inst. Deuda Corto Plazo S/,SURA ULTRA CASH SOLES,FONDOS SURA SAF,05/09/2012,S/.,162.23,0.0487,0.0732,0.0462,0.0052,0.0156,0.0334,0.0303,0.0423,0.048,0.0419,0.0375,1695450597.76,2689.0,12,Renta Fija,77,0.0732,0.0052,0.0402190476190476,0.0171831103284797,0.511200681208299,10.5,0.0486857791626951,0.040107670322024,1.1701996866479378,Low,/logosFondosMutuos/logoSura.png
Inst. Deuda Corto Plazo $,BBVA CASH DOLARES,CONTINENTAL FM,12/02/2008,$,121.61,0.0412,0.0442,0.0122,0.001,0.0071,0.0188,0.0149,0.0082,0.0035,0.0013,0.0009,3066297763.93,20795.0,16,Renta Fija,78,0.0442,0.0009,0.0146,0.0147005565757342,0.1631132920566354,10.5,0.015534599243489,0.0144945448498261,-0.3745065788367176,Low,/logosFondosMutuos/logoBbva.svg
Inst. Deuda Corto Plazo $,BBVA RENTA CORTO PLAZO $,CONTINENTAL FM,16/06/2000,$,178.46,0.046,0.0465,0.0036,0.0021,0.0118,0.0238,0.0173,0.0123,0.0084,-0.0056,0.0012,884648596.87,3146.0,24,Renta Fija,79,0.0465,-0.0056,0.0159428571428571,0.0165515532400065,0.179031768656506,10.5,0.0170506446339529,0.0158087584660997,-0.2532234572263376,Low,/logosFondosMutuos/logoBbva.svg
Inst. Deuda Corto Plazo $,CRED. CONSER. CORTO PLAZO $,CREDIFONDO SAF,18/02/2014,$,124.86,0.0466,0.0516,0.0145,0.0034,0.0241,0.0297,0.0166,0.0135,0.0114,0.0075,0.0038,1585227263.42,5724.0,10,Renta Fija,80,0.0516,0.0034,0.0212095238095238,0.0156055089274514,0.2450866845567166,10.5,0.0233415890054015,0.0210961236258135,0.0702395308547364,Low,/logosFondosMutuos/logoCredicorp.png
Inst. Deuda Corto Plazo $,CRED. CONSERVADOR LIQUIDEZ $,CREDIFONDO SAF,05/06/1999,$,187.6,0.0424,0.0483,0.0158,0.0028,0.0099,0.0219,0.0164,0.0088,0.0059,0.0043,0.0025,3562317607.6,15706.0,25,Renta Fija,81,0.0483,0.0025,0.017047619047619,0.0149711445122474,0.1928935097814295,10.5,0.0183708104553742,0.0169401583218697,-0.2043826158799713,Low,/logosFondosMutuos/logoCredicorp.png
Inst. Deuda Corto Plazo $,DIVISO CONSERVADOR DOLARES,DIVISO FONDOS SAF S.A.,19/03/2015,$,113.47,-0.0797,0.0536,0.0088,0.0293,0.0262,0.034,0.0222,0.0191,0.0264,-0.0098,,1890862.84,62.0,9,Renta Fija,82,0.0536,-0.0797,0.0136947368421052,0.0345921344317308,0.131089635839661,9.5,0.0137989090357537,0.0130508973392218,-0.2008867846675537,Low,/logosFondosMutuos/logoDiviso.png
Inst. Deuda Corto Plazo $,-FARO CORTO PLAZO DOLARES SERIE A,FARO CAPITAL SAFI,08/09/2022,$,106.0,0.0405,0.0089,0.0094,,,,,,,,,,1.0,2,Renta Fija,83,0.0405,0.0089,0.02352,0.0152909472128663,0.05962819823,2.5,0.023851279292,0.023437680945378,0.2248180506754621,Low,/logosFondosMutuos/logoFaro.png
Inst. Deuda Corto Plazo $,-FARO CORTO PLAZO DOLARES SERIE B,FARO CAPITAL SAFI,08/09/2022,$,109.81,0.0396,0.0448,0.0092,,,,,,,,,,24.0,2,Renta Fija,84,0.0448,0.0092,0.03744,0.0168950959354087,0.0961668815360002,2.5,0.0384667526144,0.037410574799962,1.030510561557267,Low,/logosFondosMutuos/logoFaro.png
Inst. Deuda Corto Plazo $,SF LIQUIDEZ $,SCOTIA FONDOS,31/01/2023,$,10.88,0.0395,0.0422,,,,,,,,,,2910674084.43,11569.0,1,Renta Fija,85,0.0422,0.0395,0.0544666666666666,0.0136834246850381,0.0833669,1.5,0.0555779333333333,0.0548330006820163,2.5456346991922127,Low,/logosFondosMutuos/logoScotia2.png
Inst. Deuda Corto Plazo $,SURA CORTO PLAZO DOLARES,FONDOS SURA SAF,31/08/2009,$,136.83,0.042,0.0482,0.0138,0.0065,0.0173,0.0311,0.0216,0.0165,0.0124,0.0052,0.0057,232476023.76,821.0,15,Renta Fija,86,0.0482,0.0052,0.0209809523809523,0.0139366305171335,0.2424791384864346,10.5,0.0230932512844223,0.0208922685467118,0.06402326197964,Low,/logosFondosMutuos/logoSura.png
Inst. Deuda Corto Plazo $,SURA ULTRA CASH DOLARES,FONDOS SURA SAF,19/07/2012,$,123.32,0.0418,0.0479,0.0149,0.0041,0.0116,0.025,0.0198,0.0117,0.0069,0.0031,0.0014,1240348954.53,2352.0,12,Renta Fija,87,0.0479,0.0014,0.0179238095238095,0.0148186323793635,0.2037658403786912,10.5,0.0194062705122563,0.0178192680014572,-0.1471614885041354,Low,/logosFondosMutuos/logoSura.png
Flexible,BLUM BONOS GLOBALES FM,BLUM SAF,25/03/2024,$,10.51,0.0497,,,,,,,,,,,78598682.24,18.0,0,Flexible,88,0.0497,0.0497,0.0994,,0.0497000000000001,0.5,0.0994000000000002,0.1018700900000002,,,/logosFondosMutuos/logoBlum.png
Flexible,-Blum Capital Global FM SERIE A,BLUM SAF,23/09/2022,$,13.12,0.1005,0.1345,0.0489,,,,,,,,,,3.0,2,Flexible,89,0.1345,0.0489,0.11356,0.039958156447297,0.3095697435250003,2.5,0.1238278974100001,0.1139134631379339,2.35029519597085,Low,/logosFondosMutuos/logoBlum.png
Flexible,-Blum Capital Global FM SERIE B,BLUM SAF,23/09/2022,$,13.07,0.0987,0.1325,0.0484,,,,,,,,,,781.0,2,Flexible,90,0.1325,0.0484,0.11184,0.0392603650857536,0.3045007931,2.5,0.12180031724,0.1121868067786087,2.348088373025861,Low,/logosFondosMutuos/logoBlum.png
Flexible,-Blum Capital Global FM SERIE I,BLUM SAF,23/09/2022,$,13.32,,0.1368,0.0494,,,,,,,,,,1.0,2,Flexible,91,0.1368,0.0494,0.0931,0.0437,0.1929579199999999,2.0,0.0964789599999999,0.0922261304327047,1.6527718634486217,Low,/logosFondosMutuos/logoBlum.png
Flexible,Blum Cash FM,BLUM SAF,08/11/2022,$,11.02,0.0436,0.0459,0.0092,,,,,,,,,22521252.38,278.0,2,Flexible,92,0.0459,0.0092,0.03948,0.0180283961201951,0.1015430514080003,2.5,0.0406172205632001,0.0394427875167304,1.078453534474482,Low,/logosFondosMutuos/logoBlum.png
Flexible,Blum Cash S/ FM,BLUM SAF,12/12/2023,S/.,11.09,0.0431,0.0039,,,,,,,,,,3763664.85,2299.0,1,Flexible,93,0.0431,0.0039,0.0313333333333333,0.0211073710137267,0.0471680899999999,1.5,0.0314453933333333,0.0312032341582306,0.5307735459307032,Low,/logosFondosMutuos/logoBlum.png
Flexible,BLUM MONEY MARKET $ FM,BLUM SAF,14/02/2023,$,10.91,0.0447,0.0441,,,,,,,,,,13270897.6,11.0,1,Flexible,94,0.0447,0.0441,0.0591999999999999,0.0148030402282774,0.0907712699999999,1.5,0.0605141799999999,0.0596337774440001,2.677407940045309,Low,/logosFondosMutuos/logoBlum.png
Flexible,-Blum Renta Global FM SERIE A,BLUM SAF,16/03/2022,$,10.67,0.0649,0.0622,-0.0571,,,,,,,,,,8.0,2,Flexible,95,0.0649,-0.0571,0.0279999999999999,0.0570767319783932,0.0665488698619999,2.5,0.0266195479447999,0.0261061815814951,0.1069819761896436,Medium Low,/logosFondosMutuos/logoBlum.png
Flexible,-Blum Renta Global FM SERIE B,BLUM SAF,16/03/2022,$,10.62,0.0622,0.0606,-0.0584,,,,,,,,,,324.0,2,Flexible,96,0.0622,-0.0584,0.0257599999999999,0.0566409886919358,0.060777671712,2.5,0.0243110686848,0.023881622263449,0.0685302702705412,Medium Low,/logosFondosMutuos/logoBlum.png
Flexible,-Blum Renta Global FM SERIE I,BLUM SAF,16/03/2022,$,10.12,,0.0641,-0.0557,,,,,,,,,,1.0,2,Flexible,97,0.0641,-0.0557,0.0042,0.0599,0.0048296300000001,2.0,0.002414815,0.0024119063538701,-0.2936242678819679,Medium Low,/logosFondosMutuos/logoBlum.png
Flexible,CC DEUDA CORPORATIVA SOLES,CREDIFONDO SAF,31/07/2019,S/.,120.81,0.0874,0.1362,-0.0539,-0.0377,0.0561,0.0148,,,,,,71150763.11,609.0,5,Flexible,98,0.1362,-0.0539,0.036890909090909,0.0671779404916914,0.2055275590735975,5.5,0.0373686471042904,0.0345690465971506,0.2168724806166476,Medium Low,/logosFondosMutuos/logoCredicorp.png
Flexible,CC FACTORING $,CREDIFONDO SAF,20/06/2023,$,110.12,0.0606,0.0382,,,,,,,,,,382389334.09,956.0,1,Flexible,99,0.0606,0.0382,0.0658666666666666,0.0199145954292602,0.1011149200000001,1.5,0.0674099466666667,0.0663221523061408,2.326040339141432,Low,/logosFondosMutuos/logoCredicorp.png
Flexible,CC RENTA OPERATIVA I (FI),CREDIFONDO SAF,28/06/2019,$,134.21,0.0531,0.0676,0.0549,0.0488,0.048,0.0259,,,,,,130831524.9,534.0,5,Flexible,100,0.0676,0.0259,0.0542363636363636,0.0132395512104241,0.3373604061880795,5.5,0.0613382556705599,0.0542758677961714,2.5888995216986177,Low,/logosFondosMutuos/logoCredicorp.png
Flexible,CORIL CASH CONSERVADOR S/,CORIL SAF,08/10/2022,S/.,1144.61,0.0516,0.0625,0.0236,,,,,,,,,5448111.12,21.0,2,Flexible,101,0.0625,0.0236,0.05508,0.0187808164536759,0.1436938700000003,2.5,0.0574775480000001,0.0551736013117629,1.872847295990606,Low,/logosFondosMutuos/logoCoril.png
Flexible,CRED CAP FACTORING S/,CREDIFONDO SAF,12/07/2020,S/.,129.26,0.0656,0.0829,0.0673,0.0418,0.0048,,,,,,,80110588.11,321.0,4,Flexible,102,0.0829,0.0048,0.0583111111111111,0.0278373751778094,0.2892378714451351,4.5,0.0642750825433633,0.0580798810731666,1.3679407929064358,Low,/logosFondosMutuos/logoCredicorp.png
Flexible,-FARO DEUDA GLOBAL SERIE A,FARO CAPITAL SAFI,29/05/2018,$,105.48,0.0265,0.0447,-0.1174,-0.0194,0.0617,0.0656,0.0039,,,,,,4.0,6,Flexible,103,0.0656,-0.1174,0.0100923076923076,0.0590082221300711,0.0541267731140945,6.5,0.0083271958637068,0.0081426216595166,-0.200944510992829,Medium Low,/logosFondosMutuos/logoFaro.png
Flexible,-FARO DEUDA GLOBAL SERIE B,FARO CAPITAL SAFI,29/05/2018,$,104.52,0.0255,0.0435,-0.1184,-0.0205,0.0604,0.0635,0.0025,,,,,,8.0,6,Flexible,104,0.0635,-0.1184,0.0086923076923076,0.0588152467136267,0.0447099584543723,6.5,0.0068784551468265,0.0067518137473467,-0.2252508829412726,Medium Low,/logosFondosMutuos/logoFaro.png
Flexible,-FARO DEUDA GLOBAL SERIE C,FARO CAPITAL SAFI,29/05/2018,$,103.28,0.0245,0.0423,-0.1194,-0.0217,0.0592,0.0597,-0.0003,,,,,,34.0,6,Flexible,105,0.0597,-0.1194,0.0068153846153846,0.0584403397800651,0.0322527147043375,6.5,0.0049619561083596,0.0048955620927999,-0.2584591048588048,Medium Low,/logosFondosMutuos/logoFaro.png
Flexible,IF Futuro Seguro $,INTERFONDO,27/12/2021,$,49.99,0.0727,0.0832,-0.1385,-0.0003,,,,,,,,9523113.58,158.0,3,Flexible,106,0.0832,-0.1385,0.0048857142857142,0.0884848283432746,0.0007184477339917,3.5,0.0002052707811405,0.0002052181326361,-0.2237082021628664,Medium Low,/logosFondosMutuos/logoInterFondos.png
Flexible,IF Futuro Seguro S/,INTERFONDO,27/12/2021,S/.,104.05,0.0718,0.1038,-0.1201,-0.0005,,,,,,,,8609830.07,219.0,3,Flexible,107,0.1038,-0.1201,0.0157142857142857,0.0860423205078021,0.040447709819042,3.5,0.0115564885197263,0.011393303660224,-0.1000286404292815,Medium Low,/logosFondosMutuos/logoInterFondos.png
Flexible,IF INVERSION GLOBAL,INTERFONDO,26/01/2015,$,70.16,0.1134,0.1405,-0.2028,0.1175,0.1496,0.1565,-0.088,0.0699,-0.0209,-0.0282,,27918189.84,663.0,9,Flexible,108,0.1565,-0.2028,0.0428947368421052,0.1147644300126214,0.3963545091249986,9.5,0.0417215272763156,0.0357685128011384,0.1373989554028569,Medium,/logosFondosMutuos/logoInterFondos.png
Flexible,IF OPORTUNIDAD,INTERFONDO,12/06/2013,$,0.0,,,,,0.0205,0.0269,0.01,0.0141,0.0071,0.0061,0.0024,387666861.53,4227.0,11,Flexible,109,0.0269,0.0024,0.0124428571428571,0.0080380980591283,0.090179779068931,7.0,0.0128828255812758,0.0124110453073114,-0.9441231789988288,Low,/logosFondosMutuos/logoInterFondos.png
Flexible,-IF OPORTUNIDAD SERIE A,INTERFONDO,12/06/2013,$,59.52,0.0359,0.0336,0.0144,,,,,,,,,,3981.0,11,Flexible,110,0.0359,0.0144,0.03356,0.0111442481427266,0.0861244098560001,2.5,0.0344497639424,0.0335984031774794,1.2202171921624403,Low,/logosFondosMutuos/logoInterFondos.png
Flexible,-IF OPORTUNIDAD SERIE B,INTERFONDO,12/06/2013,$,59.92,0.0375,0.0354,0.0162,,,,,,,,,,92.0,11,Flexible,111,0.0375,0.0162,0.0356399999999999,0.0112757970893413,0.0916299855000002,2.5,0.0366519942000001,0.0356909530981557,1.39156043460447,Low,/logosFondosMutuos/logoInterFondos.png
Flexible,IF OPORTUNIDAD SOLES,INTERFONDO,16/11/2012,S/.,0.0,,,,,,0.0352,0.0219,0.0427,0.0404,0.0388,0.0329,676121701.96,8919.0,12,Flexible,112,0.0427,0.0219,0.0353166666666666,0.0068111224397223,0.2313530711913834,6.0,0.0385588451985639,0.0352941650490126,2.24546911090856,Low,/logosFondosMutuos/logoInterFondos.png
Flexible,-IF OPORTUNIDAD SOLES SERIE A,INTERFONDO,16/11/2012,S/.,147.16,0.0477,0.078,0.0026,-0.0101,,,,,,,,,8305.0,12,Flexible,113,0.078,-0.0101,0.0337714285714285,0.0355194729575717,0.1209202869150441,3.5,0.0345486534042983,0.0331519705460865,0.3702749351544895,Low,/logosFondosMutuos/logoInterFondos.png
Flexible,-IF OPORTUNIDAD SOLES SERIE B,INTERFONDO,16/11/2012,S/.,147.88,0.0488,0.0792,0.0038,-0.0089,,,,,,,,,41.0,12,Flexible,114,0.0792,-0.0089,0.0351142857142857,0.0355270700182499,0.1260541690310528,3.5,0.036015476866015,0.0345017356961587,0.4081883388838249,Low,/logosFondosMutuos/logoInterFondos.png
Flexible,IF Portafolio Dinámico,INTERFONDO,28/12/2017,$,72.57,0.0352,0.0504,0.0282,0.0217,0.0592,0.0688,0.1158,0.0007,,,,82389288.69,489.0,7,Flexible,115,0.1158,0.0007,0.0506666666666666,0.0330222694219791,0.4439250252777677,7.5,0.059190003370369,0.0502014634067895,0.9145786747984046,Low,/logosFondosMutuos/logoInterFondos.png
Flexible,IF Portafolio Dinamico Soles,INTERFONDO,05/05/2021,S/.,0.0,,,0.1022,0.0998,,,,,,,,460151312.16,3544.0,3,Flexible,116,0.1022,0.0998,0.101,0.0011999999999999,0.2121995600000002,2.0,0.1060997800000001,0.1009993460488523,67.49945504071026,Low,/logosFondosMutuos/logoInterFondos.png
Flexible,-IF Portafolio Dinamico Soles SERIE A,INTERFONDO,05/05/2021,S/.,135.99,0.0447,,,,,,,,,,,,3479.0,3,Flexible,117,0.0447,0.0447,0.0894,,0.0446999999999999,0.5,0.0893999999999999,0.0913980899999999,,,/logosFondosMutuos/logoInterFondos.png
Flexible,-IF Portafolio Dinamico Soles SERIE B,INTERFONDO,05/05/2021,S/.,136.61,0.0489,,,,,,,,,,,,65.0,3,Flexible,118,0.0489,0.0489,0.0978,,0.0489,0.5,0.0978,0.1001912099999999,,,/logosFondosMutuos/logoInterFondos.png
Flexible,INDEPENDIENTE PMG,INDEPENDIENTE SAF,31/12/2020,$,112.21,0.0878,0.0829,-0.0881,0.0472,-0.0028,,,,,,,61271574.54,1325.0,4,Flexible,119,0.0878,-0.0881,0.0282222222222222,0.0654103427469357,0.1217511599161983,4.5,0.0270558133147107,0.0258600493583167,0.0895890330522887,Medium Low,/logosFondosMutuos/logoIndependiente.png
Flexible,SCOTIA DEPÓSITO DISPONIBLE S/.,SCOTIA FONDOS,16/08/2011,S/.,12.48,0.0524,-0.1296,0.0109,0.0089,0.0196,0.0294,0.0268,0.0382,0.042,0.0337,0.0304,51066006.71,7899.0,13,Flexible,120,0.0524,-0.1296,0.015495238095238,0.047279407360267,0.1601255747884855,10.5,0.0152500547417605,0.0142460696237665,-0.1217005605080619,Low,/logosFondosMutuos/logoScotia2.png
Flexible,SCOTIA FONDO CASH $,SCOTIA FONDOS,03/07/2001,$,16.42,0.0402,-0.031,-0.0186,0.0094,0.0135,0.0289,0.0157,0.0146,0.0099,0.0048,0.0026,58972560.35,1927.0,23,Flexible,121,0.0402,-0.031,0.0085714285714285,0.0187848733207647,0.091673856949356,10.5,0.0087308435189862,0.0083885278762534,-0.6181288489665385,Low,/logosFondosMutuos/logoScotia2.png
Flexible,SCOTIA FONDO CASH S/.,SCOTIA FONDOS,21/06/2001,S/.,20.92,0.0388,-0.0619,-0.0177,-0.0054,0.0358,0.0396,0.0269,0.0438,0.0462,0.0351,0.0348,51208972.98,5254.0,23,Flexible,122,0.0462,-0.0619,0.0205714285714285,0.0323573839617174,0.2314442183881273,10.5,0.0220423065131549,0.0200252628254993,0.0007807437563312,Low,/logosFondosMutuos/logoScotia2.png
Flexible,SCOTIA FONDO PREMIUM $,SCOTIA FONDOS,07/02/1996,$,20.66,0.0284,0.0339,-0.2472,-0.0048,0.0528,0.0494,0.0037,0.0228,0.017,-0.0066,0.0116,35366604.66,1654.0,28,Flexible,123,0.0528,-0.2472,-0.0037142857142857,0.0793023792009973,-0.0766505603760651,10.5,-0.007300053369149,-0.0075662332289453,-0.3476091575900494,Medium Low,/logosFondosMutuos/logoScotia2.png
Flexible,SCOTIA FONDO PREMIUM S/.,SCOTIA FONDOS,17/04/2007,S/.,12.03,0.0136,-0.0023,-0.3065,-0.0062,0.0589,0.0662,-0.0062,0.0608,0.0418,0.0265,0.0438,11163716.07,1695.0,17,Flexible,124,0.0662,-0.3065,-0.0009142857142857,0.1000532770879079,-0.0740260667310597,10.5,-0.0070501015934342,-0.0072979250649791,-0.2728338926969369,Medium,/logosFondosMutuos/logoScotia2.png
Flexible,SF Corto Plazo Plus $,SCOTIA FONDOS,12/01/2023,$,10.62,0.0424,0.0057,,,,,,,,,,1001003830.56,2418.0,1,Flexible,125,0.0424,0.0057,0.0320666666666666,0.0200247208331213,0.04834168,1.5,0.0322277866666667,0.0319735554817448,0.5979386969500375,Low,/logosFondosMutuos/logoScotia2.png
Flexible,SF Corto Plazo Plus S/,SCOTIA FONDOS,28/02/2024,S/.,10.41,0.0365,,,,,,,,,,,277968379.71,1826.0,0,Flexible,126,0.0365,0.0365,0.073,,0.0364999999999999,0.5,0.0729999999999998,0.0743322499999998,,,/logosFondosMutuos/logoScotia2.png
Flexible,SF INST DE RENTA $ IX,SCOTIA FONDOS,25/04/2023,$,1160.28,0.0171,0.1371,,,,,,,,,,11353257.84,12.0,1,Flexible,127,0.1371,0.0171,0.1028,0.0652724290952926,0.1565444099999997,1.5,0.1043629399999998,0.101813804328037,1.2534205553863376,Medium Low,/logosFondosMutuos/logoScotia2.png
Flexible,SF Inst. Renta $ VIII,SCOTIA FONDOS,13/12/2022,$,1120.41,-0.025,0.1926,-0.0398,,,,,,,,,64502376.96,39.0,2,Flexible,128,0.1926,-0.0398,0.05112,0.1065790648611005,0.116506157,2.5,0.0466024628,0.0450677571940281,0.2352033884581155,Medium,/logosFondosMutuos/logoScotia2.png
Flexible,SF INST RENTA S/ 1Y III,SCOTIA FONDOS,21/08/2024,S/.,1012.11,0.0114,,,,,,,,,,,58345258.2,11.0,0,Flexible,129,0.0114,0.0114,0.0228,,0.0114000000000001,0.5,0.0228000000000002,0.0229299600000001,,,/logosFondosMutuos/logoScotia2.png
Flexible,SF INSTI DE RENTA $ X,SCOTIA FONDOS,05/09/2023,$,1147.95,0.0104,0.1307,,,,,,,,,,27269837.36,29.0,1,Flexible,130,0.1307,0.0104,0.0940666666666666,0.0645837139773728,0.14245928,1.5,0.0949728533333333,0.0928498235354247,1.1279906194454512,Medium Low,/logosFondosMutuos/logoScotia2.png
Flexible,SF Insti Renta S/ 1Y II,SCOTIA FONDOS,28/05/2024,S/.,1030.12,0.0258,,,,,,,,,,,73504705.63,12.0,0,Flexible,131,0.0258,0.0258,0.0516,,0.0257999999999999,0.5,0.0515999999999999,0.0522656400000001,,,/logosFondosMutuos/logoScotia2.png
Flexible,SF Institucional de Renta $ XI,SCOTIA FONDOS,09/05/2023,$,1057.04,-0.0047,0.0584,,,,,,,,,,27759039.97,37.0,1,Flexible,132,0.0584,-0.0047,0.0358,0.0327948928950835,0.0534255199999999,1.5,0.0356170133333333,0.0353071742422179,0.4667548173183011,Low,/logosFondosMutuos/logoScotia2.png
Flexible,SF Institucional Renta $ V,SCOTIA FONDOS,05/04/2022,$,1104.31,-0.0301,0.0841,0.0491,,,,,,,,,126128546.42,93.0,2,Flexible,133,0.0841,-0.0301,0.04124,0.0482637020268165,0.103095697769,2.5,0.0412382791076,0.0400285858222735,0.414982377670597,Low,/logosFondosMutuos/logoScotia2.png
Flexible,SF Institucional Renta $ VI,SCOTIA FONDOS,16/08/2022,$,1135.53,-0.0291,0.1472,0.0168,,,,,,,,,113009295.02,59.0,2,Flexible,134,0.1472,-0.0291,0.0539599999999999,0.0752186297845598,0.132528596864,2.5,0.0530114387456,0.0510410315942582,0.4126774401922173,Medium Low,/logosFondosMutuos/logoScotia2.png
Flexible,SF Institucional Renta $ VII,SCOTIA FONDOS,07/12/2022,$,1039.47,-0.0226,0.0205,0.0404,,,,,,,,,35506762.94,46.0,2,Flexible,135,0.0404,-0.0226,0.01532,0.0264182083672101,0.0377331426799999,2.5,0.0150932570719999,0.0149257585020476,-0.1920736420661429,Low,/logosFondosMutuos/logoScotia2.png
Flexible,SF NOTA ESTRUCTURADA IX,SCOTIA FONDOS,26/09/2024,$,96.28,-0.0387,,,,,,,,,,,36484493.52,60.0,0,Flexible,136,-0.0387,-0.0387,-0.0774,,-0.0386999999999999,0.5,-0.0773999999999998,-0.0759023099999999,,,/logosFondosMutuos/logoScotia2.png
Flexible,SF Nota Estructurada VIII,SCOTIA FONDOS,05/10/2024,$,105.98,0.0564,,,,,,,,,,,22641342.29,48.0,0,Flexible,137,0.0564,0.0564,0.1128,,0.0564,0.5,0.1128,0.1159809599999999,,,/logosFondosMutuos/logoScotia2.png
Flexible,SF Renta $ 1Y VII,SCOTIA FONDOS,13/12/2023,$,10.56,0.0481,0.0033,,,,,,,,,,257540843.81,479.0,1,Flexible,138,0.0481,0.0033,0.0342666666666666,0.023982238798281,0.0515587300000001,1.5,0.0343724866666667,0.0340836912204691,0.5872550656729606,Low,/logosFondosMutuos/logoScotia2.png
Flexible,SF Renta $ 1Y VIII,SCOTIA FONDOS,04/03/2024,$,10.35,0.0316,,,,,,,,,,,186705873.11,254.0,0,Flexible,139,0.0316,0.0316,0.0632,,0.0316000000000001,0.5,0.0632000000000002,0.0641985600000001,,,/logosFondosMutuos/logoScotia2.png
Flexible,SF Renta $ 6M XXI,SCOTIA FONDOS,08/07/2024,$,10.15,0.0121,,,,,,,,,,,356668177.17,720.0,0,Flexible,140,0.0121,0.0121,0.0242,,0.0120999999999999,0.5,0.0241999999999998,0.0243464099999999,,,/logosFondosMutuos/logoScotia2.png
Flexible,SF RENTA $ 6M XXII,SCOTIA FONDOS,10/09/2024,$,10.05,0.0032,,,,,,,,,,,155940734.85,400.0,0,Flexible,141,0.0032,0.0032,0.0064,,0.0032,0.5,0.0064000000000001,0.0064102400000001,,,/logosFondosMutuos/logoScotia2.png
Flexible,SF RENTA SOLES 6M V,SCOTIA FONDOS,19/06/2024,S/.,10.28,-0.8976,,,,,,,,,,,306430514.65,799.0,0,Flexible,142,-0.8976,-0.8976,-1.7952,,-0.8976,0.5,-1.7952,-0.98951424,,,/logosFondosMutuos/logoScotia2.png
Flexible,SFNotaEstructurada IV-F. Insti,SCOTIA FONDOS,01/04/2022,$,100.81,0.1132,0.0312,-0.1222,,,,,,,,,35396424.32,54.0,2,Flexible,143,0.1132,-0.1222,0.0088799999999999,0.0975752892215373,0.0076545691519999,2.5,0.0030618276607999,0.0030548251312854,-0.1736625635845346,Medium Low,/logosFondosMutuos/logoScotia2.png
Fondo de Fondos,-BLUM USA 500 FDF SERIE A,BLUM SAF,15/10/2024,$,9.81,-0.0211,,,,,,,,,,,,2.0,0,Fondo de Fondos,144,-0.0211,-0.0211,-0.0422,,-0.0210999999999999,0.5,-0.0421999999999999,-0.04175479,,,/logosFondosMutuos/logoBlum.png
Fondo de Fondos,-BLUM USA 500 FDF SERIE B,BLUM SAF,15/10/2024,$,9.8,-0.0214,,,,,,,,,,,,58.0,0,Fondo de Fondos,145,-0.0214,-0.0214,-0.0428,,-0.0214,0.5,-0.0428,-0.0423420399999999,,,/logosFondosMutuos/logoBlum.png
Fondo de Fondos,CRED CAP. INVESTMENT GRADE,CREDIFONDO SAF,09/04/2018,$,117.58,0.0427,0.0595,-0.1081,-0.0218,0.0879,0.1227,-0.0046,,,,,166312751.72,919.0,6,Fondo de Fondos,146,0.1227,-0.1081,0.0274307692307692,0.0715267855885868,0.1718026958391898,6.5,0.0264311839752599,0.024691182000947,0.0655863668742237,Medium Low,/logosFondosMutuos/logoCredicorp.png
Fondo de Fondos,CRED CAP VISION I,CREDIFONDO SAF,02/08/2016,$,120.05,0.0426,0.0579,-0.1388,0.0027,0.0607,0.102,-0.0483,0.0649,0.0624,,,83328323.95,644.0,8,Fondo de Fondos,147,0.102,-0.1388,0.0242470588235294,0.0701297932465751,0.1986944528161288,8.5,0.0233758179783681,0.021550458384294,0.0221084123097675,Medium Low,/logosFondosMutuos/logoCredicorp.png
Fondo de Fondos,CRED CAP VISION III,CREDIFONDO SAF,02/10/2016,$,156.93,0.0906,0.1175,-0.1779,0.0824,0.1012,0.1816,-0.1068,0.1531,0.0748,,,35793880.45,698.0,8,Fondo de Fondos,148,0.1816,-0.1779,0.0607647058823529,0.1128297016413325,0.5620879644881376,8.5,0.0661279958221338,0.0538744623266485,0.3002264637225572,Medium,/logosFondosMutuos/logoCredicorp.png
Fondo de Fondos,CRED. DEUDA GLOBAL,CREDIFONDO SAF,25/03/2013,$,114.32,0.0378,0.0555,-0.1555,-0.0117,0.0619,0.1042,-0.0454,0.0583,0.0865,-0.0206,0.0221,21553983.23,675.0,11,Fondo de Fondos,149,0.1042,-0.1555,0.0183904761904761,0.0700574140226008,0.1778911578875468,10.5,0.0169420150369092,0.0157151263682571,-0.0611623151028749,Medium Low,/logosFondosMutuos/logoCredicorp.png
Fondo de Fondos,CRED. EQUILIBRADO VCS,CREDIFONDO SAF,16/06/2008,S/.,114.01,0.0888,0.0662,-0.2027,-0.0573,0.0291,0.0381,-0.0384,0.1407,0.273,-0.1771,-0.0156,10043652.71,892.0,16,Fondo de Fondos,150,0.273,-0.2027,0.0137904761904761,0.1294895319266454,0.0543669836773257,10.5,0.0051778079692691,0.0050546912439395,-0.1154171193122146,Medium,/logosFondosMutuos/logoCredicorp.png
Fondo de Fondos,CREDI. ACC. LATAM-PACIFICO,CREDIFONDO SAF,14/08/2012,$,51.48,-0.1857,0.2669,-0.0187,-0.0882,-0.0586,0.1015,-0.1483,0.1436,0.0593,-0.2855,-0.1583,9350850.61,235.0,12,Fondo de Fondos,151,0.2669,-0.2855,-0.0354285714285714,0.1560107465020238,-0.4060824213544818,10.5,-0.0386745163194744,-0.0484094679130572,-0.4384920234464092,Medium High,/logosFondosMutuos/logoCredicorp.png
Fondo de Fondos,CREDICORP ACCIONES ASIA,CREDIFONDO SAF,06/05/2017,$,127.55,0.1072,0.0039,-0.1841,-0.0437,0.2473,0.2103,-0.1548,0.1515,,,,28503783.91,490.0,7,Fondo de Fondos,152,0.2473,-0.1841,0.0450133333333333,0.1522435625714415,0.2741923888090268,7.5,0.0365589851745369,0.0328359218556377,0.0843117543943075,Medium High,/logosFondosMutuos/logoCredicorp.png
Fondo de Fondos,CREDICORP ACCIONES EEUU,CREDIFONDO SAF,26/05/2017,$,235.9,0.1654,0.3441,-0.3016,0.1873,0.2882,0.2928,-0.0293,0.1122,,,,181260166.21,2177.0,7,Fondo de Fondos,153,0.3441,-0.3016,0.1412133333333333,0.1982598646417821,1.3353600785883533,7.5,0.1780480104784471,0.1197313738882113,0.5030336022291093,Medium High,/logosFondosMutuos/logoCredicorp.png
Fondo de Fondos,CREDICORP ACCIONES EUROPA,CREDIFONDO SAF,26/05/2017,$,162.12,0.0174,0.2146,-0.2655,0.2902,0.1404,0.364,-0.1207,0.0042,,,,50956886.26,849.0,7,Fondo de Fondos,154,0.364,-0.2655,0.0859466666666666,0.1987928235067297,0.6084320446229924,7.5,0.0811242726163989,0.0654188155391002,0.2284731145617169,Medium High,/logosFondosMutuos/logoCredicorp.png
Fondo de Fondos,Credicorp Activos Preferentes,CREDIFONDO SAF,06/06/2018,$,121.59,0.0733,0.0709,-0.1028,0.0127,0.0406,0.147,-0.0309,,,,,79778512.84,504.0,6,Fondo de Fondos,155,0.147,-0.1028,0.0324307692307692,0.0746711564533871,0.207969463616215,6.5,0.0319953020948023,0.0294944109503658,0.1271496438694193,Medium Low,/logosFondosMutuos/logoCredicorp.png
Fondo de Fondos,CREDICORP DEUDA FLOTANTE,CREDIFONDO SAF,03/02/2017,$,127.32,0.0501,0.1029,-0.0382,0.0616,0.0066,0.0624,-0.0101,0.0144,,,,67396500.63,818.0,7,Fondo de Fondos,156,0.1029,-0.0382,0.0332933333333333,0.0430694028413572,0.269866395701674,7.5,0.0359821860935565,0.0323676902721279,0.2871572266205628,Low,/logosFondosMutuos/logoCredicorp.png
Fondo de Fondos,CREDICORP DEUDA HIGH YIELD,CREDIFONDO SAF,03/02/2017,$,128.4,0.0524,0.1006,-0.0862,0.0227,0.0363,0.1245,-0.0235,0.0397,,,,142865029.35,707.0,7,Fondo de Fondos,157,0.1245,-0.0862,0.0355333333333333,0.0621689286898563,0.2806634266965196,7.5,0.0374217902262026,0.0335337608236065,0.2176933254089482,Medium Low,/logosFondosMutuos/logoCredicorp.png
Fondo de Fondos,FdeF BBVA Apreciacion Capital,CONTINENTAL FM,24/01/2014,$,140.52,0.1036,0.1372,-0.094,0.0973,0.0387,0.0863,-0.0415,0.0894,-0.0017,-0.0638,0.0193,34983000.15,308.0,10,Fondo de Fondos,158,0.1372,-0.094,0.0353142857142857,0.0729226939641612,0.4004037051122046,10.5,0.0381336862011623,0.0325922972734864,0.1726800888578675,Medium Low,/logosFondosMutuos/logoBbva.svg
Fondo de Fondos,FdeF BBVA Generacion de Flujo,CONTINENTAL FM,03/01/2010,$,99.12,0.0268,0.0563,-0.143,0.0237,0.0309,-0.0078,-0.086,0.1234,0.2272,-0.2186,-0.069,28011895.79,171.0,14,Fondo de Fondos,159,0.2272,-0.2186,-0.0034380952380952,0.1177773033434239,-0.1078015239950762,10.5,-0.0102668118090548,-0.010804697219641,-0.2615503695972593,Medium,/logosFondosMutuos/logoBbva.svg
Fondo de Fondos,FdeF BBVA Preservacion Capital,CONTINENTAL FM,23/02/2010,$,106.35,0.0413,0.0452,-0.0085,-0.0039,0.0108,-0.0011,-0.0519,0.0464,0.0972,-0.1198,-0.0425,10296891.56,87.0,14,Fondo de Fondos,160,0.0972,-0.1198,0.0012571428571428,0.0559146556803453,-0.0043286794787435,10.5,-0.0004122551884517,-0.0004130646972777,-0.3650753894287715,Medium Low,/logosFondosMutuos/logoBbva.svg
Fondo de Fondos,-FdeF BTG Renta Internacional SERIE A,BTG PACTUAL PERU SAF,16/10/2020,$,111.61,0.0499,0.0823,-0.1451,0.1004,0.0437,,,,,,,,12.0,4,Fondo de Fondos,161,0.1004,-0.1451,0.0291555555555555,0.088212214937601,0.1156736510506466,4.5,0.0257052557890325,0.0246223313927467,0.0524001284404482,Medium Low,/logosFondosMutuos/logoBtg.png
Fondo de Fondos,-FdeF BTG Renta Internacional SERIE B,BTG PACTUAL PERU SAF,16/10/2020,$,110.52,,,,,0.0447,,,,,,,,2.0,4,Fondo de Fondos,162,0.0447,0.0447,0.0447,,0.0446999999999999,1.0,0.0446999999999999,0.0446999999999999,,,/logosFondosMutuos/logoBtg.png
Fondo de Fondos,FdeF CC Acciones Innovacion,CREDIFONDO SAF,26/04/2021,$,111.6,0.2406,0.3933,-0.3891,0.0591,,,,,,,,60235823.31,612.0,3,Fondo de Fondos,163,0.3933,-0.3891,0.0868285714285714,0.2936184886681271,0.118364845592236,3.5,0.0338185273120674,0.0324784648557416,0.0424989070420763,High,/logosFondosMutuos/logoCredicorp.png
Fondo de Fondos,FdeF CRED ACC SECTOR SEGURID,CREDIFONDO SAF,10/02/2018,$,152.14,0.1256,0.1938,-0.3187,0.1894,0.2114,0.2859,-0.11,,,,,35687355.27,467.0,6,Fondo de Fondos,164,0.2859,-0.3187,0.0888307692307692,0.200698489789755,0.5096169184674809,6.5,0.0784026028411509,0.065412927725029,0.2262743868805494,High,/logosFondosMutuos/logoCredicorp.png
Fondo de Fondos,FdeF Cred Renta Estrategica,CREDIFONDO SAF,13/02/2019,$,116.31,0.0407,0.0717,-0.0751,0.0158,0.0535,0.0523,,,,,,466086261.42,1014.0,5,Fondo de Fondos,165,0.0717,-0.0751,0.028890909090909,0.0484959566347273,0.1616515695634733,5.5,0.029391194466086,0.0276186529764523,0.1570987254429529,Low,/logosFondosMutuos/logoCredicorp.png
Fondo de Fondos,FdeF IF Global Thematics,INTERFONDO,26/03/2021,$,57.95,0.2088,0.2148,-0.2744,0.0897,,,,,,,,14572192.3,358.0,3,Fondo de Fondos,166,0.2148,-0.2744,0.0682571428571428,0.1994372190358025,0.161083516368717,3.5,0.0460238618196334,0.0435960268744151,0.1183130560508828,Medium High,/logosFondosMutuos/logoInterFondos.png
Fondo de Fondos,FdF BBVA CONSERV GLO $,CONTINENTAL FM,06/06/2002,$,172.17,0.0415,0.0514,-0.0589,0.0144,0.0248,0.0584,,,,,,17176045.56,113.0,22,Fondo de Fondos,167,0.0584,-0.0589,0.0239272727272727,0.0391659037496765,0.1338646320889235,5.5,0.0243390240161679,0.0231050298806356,0.0792789029070041,Low,/logosFondosMutuos/logoBbva.svg
Fondo de Fondos,FdF BBVA Renta Fija Mcdo Emerg,CONTINENTAL FM,02/02/2024,$,107.05,0.0589,,,,,,,,,,,55313019.78,237.0,0,Fondo de Fondos,168,0.0589,0.0589,0.1178,,0.0589,0.5,0.1178,0.1212692099999999,,,/logosFondosMutuos/logoBbva.svg
Fondo de Fondos,FdF CC Acciones China,CREDIFONDO SAF,03/01/2021,$,55.55,0.1068,-0.2229,-0.3401,-0.0123,,,,,,,,5220723.93,93.0,3,Fondo de Fondos,169,0.1068,-0.3401,-0.1338571428571428,0.1754684771678145,-0.4394049720770756,3.5,-0.1255442777363073,-0.1524106374195983,-0.9825732815513544,Medium High,/logosFondosMutuos/logoCredicorp.png
Fondo de Fondos,FdF CC Duración Objetivo Latam,CREDIFONDO SAF,05/10/2024,$,103.04,0.0269,,,,,,,,,,,197386368.12,455.0,0,Fondo de Fondos,170,0.0269,0.0269,0.0538,,0.0268999999999999,0.5,0.0537999999999999,0.0545236099999999,,,/logosFondosMutuos/logoCredicorp.png
Fondo de Fondos,FDF CRED CAP VISION II,CREDIFONDO SAF,02/08/2016,$,143.29,0.072,0.0956,-0.1666,0.0513,0.0902,0.1531,-0.0816,0.111,0.0821,,,144809656.76,1188.0,8,Fondo de Fondos,171,0.1531,-0.1666,0.0478941176470588,0.0964108442255085,0.4282803139537742,8.5,0.0503859192886793,0.042829593462546,0.236794871426981,Medium Low,/logosFondosMutuos/logoCredicorp.png
Fondo de Fondos,FdF Cred. Tendencias Globales,CREDIFONDO SAF,19/10/2020,$,102.41,0.1236,0.2915,-0.3575,0.012,0.0879,,,,,,,36861034.71,287.0,4,Fondo de Fondos,172,0.2915,-0.3575,0.0349999999999999,0.2149538880783504,0.0264759118405949,4.5,0.0058835359645766,0.0058238912742882,-0.065949533885819,High,/logosFondosMutuos/logoCredicorp.png
Fondo de Fondos,FdF Credicorp Deuda Flexible,CREDIFONDO SAF,16/07/2020,$,100.76,0.0236,0.0752,-0.1241,-0.0042,0.0505,,,,,,,60634717.01,174.0,4,Fondo de Fondos,173,0.0752,-0.1241,0.0046666666666666,0.0694169847931886,0.0084218285410261,4.5,0.0018715174535613,0.0018654183556503,-0.2612412754368016,Medium Low,/logosFondosMutuos/logoCredicorp.png
Fondo de Fondos,FdF Credicorp Impacto Sostenib,CREDIFONDO SAF,12/06/2021,$,88.98,0.0908,0.078,-0.2242,0.0215,,,,,,,,8268398.75,132.0,3,Fondo de Fondos,174,0.0908,-0.2242,-0.0096857142857142,0.1272547551334787,-0.0681370684127199,3.5,-0.0194677338322056,-0.0199608184284848,-0.3140222020510713,Medium,/logosFondosMutuos/logoCredicorp.png
Fondo de Fondos,-FdF ED ACC GLOB OPT SERIE B,EL DORADO SAF,29/01/2024,$,113.35,0.1335,,,,,,,,,,,,9.0,0,Fondo de Fondos,175,0.1335,0.1335,0.267,,0.1334999999999999,0.5,0.2669999999999999,0.2848222499999999,,,/logosFondosMutuos/logoDorado.png
Fondo de Fondos,-FdF El Dorado Instr Deuda EEUU SERIE A,EL DORADO SAF,06/07/2022,$,122.41,0.0989,0.0911,0.02,,,,,,,,,,8.0,2,Fondo de Fondos,176,0.0989,0.02,0.0839999999999999,0.0381594025110456,0.2229899857999998,2.5,0.0891959943199999,0.083849946153834,1.6732428170318414,Low,/logosFondosMutuos/logoDorado.png
Fondo de Fondos,-FdF El Dorado Instr Deuda EEUU SERIE B,EL DORADO SAF,06/07/2022,$,121.15,0.0962,0.0879,0.0183,,,,,,,,,,7.0,2,Fondo de Fondos,177,0.0962,0.0183,0.08096,0.0374463919045168,0.2143797544340002,2.5,0.0857519017736,0.0807912183673444,1.623419915124365,Low,/logosFondosMutuos/logoDorado.png
Fondo de Fondos,-FdF El Dorado Instr Deuda EEUU SERIE I,EL DORADO SAF,06/07/2022,$,122.78,0.1,0.0924,0.0207,,,,,,,,,,1.0,2,Fondo de Fondos,178,0.1,0.0207,0.08524,0.0384470839813199,0.226513948,2.5,0.0906055792,0.0850980838188235,1.6931865066919614,Low,/logosFondosMutuos/logoDorado.png
Fondo de Fondos,FdF Faro Deuda Global,FARO CAPITAL SAFI,06/11/2020,$,100.02,0.0222,0.0373,-0.1237,-0.023,,,,,,,,7600938.04,73.0,4,Fondo de Fondos,179,0.0373,-0.1237,-0.0249142857142857,0.0629536637179299,-0.0922053270384938,3.5,-0.0263443791538553,-0.0272606924483772,-0.7507218747447877,Medium Low,/logosFondosMutuos/logoFaro.png
Fondo de Fondos,FdF Faro Global Innovation,FARO CAPITAL SAFI,27/01/2020,$,123.89,0.0504,0.2205,-0.3088,-0.0271,0.4411,,,,,,,4594297.07,92.0,4,Fondo de Fondos,180,0.4411,-0.3088,0.0835777777777777,0.2505515876010022,0.242391718654006,4.5,0.0538648263675569,0.0494127682462508,0.1173920649550623,High,/logosFondosMutuos/logoFaro.png
Fondo de Fondos,FdF Faro Renta Variable Global,FARO CAPITAL SAFI,06/11/2020,$,151.19,0.1183,0.1617,-0.2128,0.1121,,,,,,,,16267034.54,119.0,4,Fondo de Fondos,181,0.1617,-0.2128,0.0512285714285714,0.1500990759533209,0.1373162395994434,3.5,0.0392332113141267,0.0374473571800366,0.1162389379762909,Medium High,/logosFondosMutuos/logoFaro.png
Fondo de Fondos,FdF IF Enfoque Global,INTERFONDO,18/12/2019,$,50.47,0.0379,0.0385,-0.0901,-0.0069,0.0377,-0.0011,,,,,,15203983.56,247.0,5,Fondo de Fondos,182,0.0385,-0.0901,0.0029090909090909,0.0455786242852451,0.0095840706680444,5.5,0.0017425583032808,0.0017357655757292,-0.4007193001255912,Low,/logosFondosMutuos/logoInterFondos.png
Fondo de Fondos,FdF IF Inversión EEUU FMIV,INTERFONDO,12/01/2022,$,67.07,0.1586,0.2165,-0.052,,,,,,,,,14271365.03,486.0,2,Fondo de Fondos,183,0.2165,-0.052,0.12924,0.1173658877187064,0.3361461811999999,2.5,0.1344584724799999,0.122901313660737,0.8767565743409456,Medium,/logosFondosMutuos/logoInterFondos.png
Fondo de Fondos,FdF IF RealState Student Accom,INTERFONDO,27/09/2021,$,55.79,0.0303,0.0246,0.0504,0.0053,,,,,,,,342416262.31,895.0,3,Fondo de Fondos,184,0.0504,0.0053,0.0316,0.0165515860267226,0.1147268116599055,3.5,0.0327790890456872,0.0315177347541908,0.6958689478818154,Low,/logosFondosMutuos/logoInterFondos.png
Fondo de Fondos,FdF IF XXIII Rend Global 360,INTERFONDO,02/08/2024,$,51.98,0.0374,,,,,,,,,,,39798738.64,222.0,0,Fondo de Fondos,185,0.0374,0.0374,0.0748,,0.0374,0.5,0.0748000000000001,0.0761987600000002,,,/logosFondosMutuos/logoInterFondos.png
Fondo de Fondos,FdF IF XXIV Rend Global 360,INTERFONDO,25/04/2024,$,51.41,0.0256,,,,,,,,,,,102838107.92,413.0,0,Fondo de Fondos,186,0.0256,0.0256,0.0512,,0.0256,0.5,0.0512,0.0518553600000002,,,/logosFondosMutuos/logoInterFondos.png
Fondo de Fondos,FdF IF XXIX Rend Global 360,INTERFONDO,26/07/2024,$,50.79,0.0125,,,,,,,,,,,74445007.66,397.0,0,Fondo de Fondos,187,0.0125,0.0125,0.025,,0.0125,0.5,0.025,0.0251562499999999,,,/logosFondosMutuos/logoInterFondos.png
Fondo de Fondos,FdF IF XXV Rend Global 360,INTERFONDO,15/03/2024,$,51.57,0.0294,,,,,,,,,,,34491043.13,251.0,0,Fondo de Fondos,188,0.0294,0.0294,0.0588,,0.0294000000000001,0.5,0.0588000000000002,0.0596643600000001,,,/logosFondosMutuos/logoInterFondos.png
Fondo de Fondos,FdF IF XXVI Rend Global 360,INTERFONDO,04/01/2024,$,51.52,0.0282,,,,,,,,,,,64655275.79,334.0,0,Fondo de Fondos,189,0.0282,0.0282,0.0564,,0.0281999999999999,0.5,0.0563999999999998,0.0571952399999999,,,/logosFondosMutuos/logoInterFondos.png
Fondo de Fondos,FdF IF XXVII Rend Global 321,INTERFONDO,17/05/2024,$,51.24,0.0219,,,,,,,,,,,28799664.48,174.0,0,Fondo de Fondos,190,0.0219,0.0219,0.0438,,0.0218999999999999,0.5,0.0437999999999999,0.04427961,,,/logosFondosMutuos/logoInterFondos.png
Fondo de Fondos,FdF IF XXVIII Rend Global 360,INTERFONDO,06/04/2024,$,51.12,0.0195,,,,,,,,,,,81478999.99,399.0,0,Fondo de Fondos,191,0.0195,0.0195,0.039,,0.0195,0.5,0.039,0.0393802500000002,,,/logosFondosMutuos/logoInterFondos.png
Fondo de Fondos,FdF IF 30 Rend Global 332,INTERFONDO,23/08/2024,$,50.59,0.0091,,,,,,,,,,,81655147.16,318.0,0,Fondo de Fondos,192,0.0091,0.0091,0.0182,,0.0091000000000001,0.5,0.0182000000000002,0.0182828100000003,,,/logosFondosMutuos/logoInterFondos.png
Fondo de Fondos,FdF IF 31 Rend Global 360,INTERFONDO,21/10/2024,$,50.22,0.0011,,,,,,,,,,,59644847.21,297.0,0,Fondo de Fondos,193,0.0011,0.0011,0.0022,,0.0011000000000001,0.5,0.0022000000000002,0.0022012100000001,,,/logosFondosMutuos/logoInterFondos.png
Fondo de Fondos,-FDF IND RENTA FIJA FMIV SERIE A,INDEPENDIENTE SAF,06/11/2024,$,102.88,0.0288,,,,,,,,,,,,344.0,0,Fondo de Fondos,194,0.0288,0.0288,0.0576,,0.0287999999999999,0.5,0.0575999999999999,0.0584294399999998,,,/logosFondosMutuos/logoIndependiente.png
Fondo de Fondos,-FDF IND RENTA FIJA FMIV SERIE D,INDEPENDIENTE SAF,06/11/2024,$,102.88,0.0288,,,,,,,,,,,,7.0,0,Fondo de Fondos,195,0.0288,0.0288,0.0576,,0.0287999999999999,0.5,0.0575999999999999,0.0584294399999998,,,/logosFondosMutuos/logoIndependiente.png
Fondo de Fondos,FdF Sura Corto Plazo Global,FONDOS SURA SAF,15/11/2022,$,110.12,0.0421,0.047,0.0046,,,,,,,,,73173108.64,357.0,2,Fondo de Fondos,196,0.047,0.0046,0.03748,0.0199421596958136,0.0960976620199998,2.5,0.0384390648079999,0.0373843706080667,0.8717396146274063,Low,/logosFondosMutuos/logoSura.png
Fondo de Fondos,FdF SURA RENTA DOLARES,FONDOS SURA SAF,14/06/2005,$,181.16,0.0298,0.0422,-0.0108,-0.0134,0.0768,0.0777,0.0131,0.0285,0.0318,0.0065,0.0234,76202929.91,623.0,19,Fondo de Fondos,197,0.0777,-0.0134,0.0291047619047619,0.0286271459611187,0.3460879349192748,10.5,0.0329607557065976,0.0287093987861477,0.3042356649166775,Low,/logosFondosMutuos/logoSura.png
Fondo de Fondos,FF BBVA ACC GLOB MILLENIALS,CONTINENTAL FM,16/01/2023,$,132.14,0.2208,0.0813,,,,,,,,,,4537971.43,62.0,1,Fondo de Fondos,198,0.2208,0.0813,0.2014,0.0860243279543641,0.3200510400000002,1.5,0.2133673600000001,0.2033551355260896,2.1314335128936945,Medium Low,/logosFondosMutuos/logoBbva.svg
Fondo de Fondos,FF BBVA ACC TENDENC GLOB,CONTINENTAL FM,15/04/2010,$,120.15,0.0725,0.1328,-0.2334,0.0676,0.0923,0.2226,-0.1158,0.231,0.51,-0.3969,-0.1235,36245008.52,361.0,14,Fondo de Fondos,199,0.51,-0.3969,0.0437333333333333,0.2375124715492096,0.1536684237920533,10.5,0.0146350879801955,0.0137070730727486,-0.0264951431232423,High,/logosFondosMutuos/logoBbva.svg
Fondo de Fondos,FF BBVA ACCIONES GLOB RE,CONTINENTAL FM,08/10/2022,$,95.86,0.046,0.0653,-0.1405,,,,,,,,,10793572.42,87.0,2,Fondo de Fondos,200,0.0653,-0.1405,-0.01168,0.0928215046922497,-0.0422558839000001,2.5,-0.01690235356,-0.0171215863533533,-0.3999244192003806,Medium Low,/logosFondosMutuos/logoBbva.svg
Fondo de Fondos,FF BBVA DIST EST GLOBAL,CONTINENTAL FM,05/09/2018,$,115.16,0.0385,0.0715,-0.0873,0.0072,0.0703,0.0489,-0.002,,,,,359653592.22,853.0,6,Fondo de Fondos,201,0.0715,-0.0873,0.0226307692307692,0.0514531960747435,0.1460738306601213,6.5,0.022472897024634,0.0211972348099176,0.0232684245343764,Medium Low,/logosFondosMutuos/logoBbva.svg
Fondo de Fondos,FF BBVA DIST HIGH YIELD EEUU,CONTINENTAL FM,07/07/2021,$,105.33,0.0548,0.1227,-0.117,0.0074,,,,,,,,49154166.75,208.0,3,Fondo de Fondos,202,0.1227,-0.117,0.0193999999999999,0.0875685588553334,0.0534077128794321,3.5,0.0152593465369806,0.0149768600625588,-0.0573623684470997,Medium Low,/logosFondosMutuos/logoBbva.svg
Fondo de Fondos,FF BBVA ESTRATE CONSERV S/,CONTINENTAL FM,21/04/1998,S/.,256.33,0.0375,0.0664,-0.0429,0.0097,0.0013,0.0412,-0.0296,0.0757,0.1385,-0.0814,-0.0032,13286675.4,633.0,26,Fondo de Fondos,203,0.1385,-0.0814,0.0203047619047619,0.0585825807494384,0.2130138279715785,10.5,0.0202870312353884,0.018561401349094,-0.0245567646986904,Medium Low,/logosFondosMutuos/logoBbva.svg
Fondo de Fondos,FF BBVA ESTRATE DINAMICO $,CONTINENTAL FM,10/06/2011,$,63.96,0.0621,0.0888,-0.1119,0.0125,-0.0637,0.0924,-0.1494,0.124,0.0232,-0.1957,-0.1755,2167293.14,125.0,13,Fondo de Fondos,204,0.124,-0.1957,-0.0279238095238095,0.1114169517936117,-0.3100333686356353,10.5,-0.0295269874891081,-0.0347266988232256,-0.4911882612315686,Medium,/logosFondosMutuos/logoBbva.svg
Fondo de Fondos,FF BBVA ESTRATE DINAMICO S/,CONTINENTAL FM,16/03/2007,S/.,118.18,0.0618,0.1077,-0.0968,0.1156,-0.0483,0.0043,-0.1375,0.2119,0.4919,-0.3143,-0.0775,18742287.61,1695.0,17,Fondo de Fondos,205,0.4919,-0.3143,0.0303619047619047,0.2004198473641793,0.1173441787343264,10.5,0.0111756360699358,0.0106231338337778,-0.0467861156943382,High,/logosFondosMutuos/logoBbva.svg
Fondo de Fondos,FF BBVA ESTRATE EQUILIBRA $,CONTINENTAL FM,18/03/2021,$,105.3,0.0505,0.0734,-0.0836,0.0193,,,,,,,,2711607.36,90.0,3,Fondo de Fondos,206,0.0734,-0.0836,0.0170285714285714,0.0600611006919331,0.0532822183316839,3.5,0.0152234909519097,0.0149423111056716,-0.0842090610405284,Medium Low,/logosFondosMutuos/logoBbva.svg
Fondo de Fondos,FF BBVA ESTRATE EQUILIBRA S/,CONTINENTAL FM,19/03/2007,S/.,139.62,0.0461,0.0875,-0.0717,0.045,-0.0087,0.0424,-0.0692,0.1177,0.2597,-0.1628,-0.0215,14958456.95,2235.0,17,Fondo de Fondos,207,0.2597,-0.1628,0.0251904761904761,0.1068249669033714,0.224293156979798,10.5,0.021361253045695,0.0194596477175625,-0.005058295809501,Medium,/logosFondosMutuos/logoBbva.svg
Fondo de Fondos,FF CC LATAM INNOVACION,CREDIFONDO SAF,07/03/2023,$,91.45,-0.1556,0.0735,,,,,,,,,,2696305.5,350.0,1,Fondo de Fondos,208,0.0735,-0.1556,-0.0547333333333333,0.1153643623963271,-0.0935366,1.5,-0.0623577333333333,-0.0633726204854168,-0.7226895616082486,Medium,/logosFondosMutuos/logoCredicorp.png
Fondo de Fondos,FF CC RENTA GLOBAL INV GRADE,CREDIFONDO SAF,11/10/2022,$,112.02,0.0362,0.0635,0.0124,,,,,,,,,106530464.0,524.0,2,Fondo de Fondos,209,0.0635,0.0124,0.04484,0.0221750520480411,0.1156634838799998,2.5,0.0462653935519999,0.0447521834799755,1.116217604646483,Low,/logosFondosMutuos/logoCredicorp.png
Fondo de Fondos,-FF Creci Inmobiliario EEUU SERIE A,EL DORADO SAF,01/04/2021,$,112.33,0.0308,0.023,0.0214,0.0427,,,,,,,,,185.0,3,Fondo de Fondos,210,0.0427,0.0214,0.0336857142857142,0.0094168460641511,0.1230659771257518,3.5,0.0351617077502148,0.0337166367194399,1.4566062380118567,Low,/logosFondosMutuos/logoDorado.png
Fondo de Fondos,-FF Creci Inmobiliario EEUU SERIE B,EL DORADO SAF,01/04/2021,$,112.35,0.0308,0.023,0.0214,0.0427,,,,,,,,,54.0,3,Fondo de Fondos,211,0.0427,0.0214,0.0336857142857142,0.0094168460641511,0.1230659771257518,3.5,0.0351617077502148,0.0337166367194399,1.4566062380118567,Low,/logosFondosMutuos/logoDorado.png
Fondo de Fondos,FONDO D FONDOS DEUDA LATAM,CREDIFONDO SAF,08/07/2012,$,137.78,0.0901,0.0594,-0.0928,-0.0013,0.0227,0.1331,-0.0434,0.0983,0.1288,-0.0638,0.0277,116122758.5,649.0,12,Fondo de Fondos,212,0.1331,-0.0928,0.0341714285714285,0.0737240275954722,0.3835162018393953,10.5,0.0365253525561328,0.0313998677130196,0.1546289328571589,Medium Low,/logosFondosMutuos/logoCredicorp.png
Fondo de Fondos,Fondo de F. Cred. Cons. Global,CREDIFONDO SAF,14/12/2017,$,167.7,0.0796,0.144,-0.1717,0.1929,0.1119,0.2572,-0.0309,0.0072,,,,139692599.43,1054.0,7,Fondo de Fondos,213,0.2572,-0.1717,0.0786933333333333,0.1275220936848896,0.6650796518246289,7.5,0.0886772869099505,0.0703471782455325,0.3948114149532523,Medium,/logosFondosMutuos/logoCredicorp.png
Fondo de Fondos,Independiente Agresivo $,INDEPENDIENTE SAF,12/07/2021,$,118.09,0.1553,0.1511,-0.128,0.0183,,,,,,,,46011998.31,3274.0,3,Fondo de Fondos,214,0.1553,-0.128,0.0562,0.1163968105233128,0.180864470728808,3.5,0.0516755630653737,0.0486452341405128,0.2460998201903093,Medium,/logosFondosMutuos/logoIndependiente.png
Fondo de Fondos,-PHI DEUDA INTERNACIONAL SERIE A,PRUDENTIALSAF SAF,22/05/2023,$,10.16,0.0023,0.0132,,,,,,,,,,,43.0,1,Fondo de Fondos,215,0.0132,0.0023,0.0103333333333333,0.0060312611542786,0.01553036,1.5,0.0103535733333333,0.0103269575322866,-1.603817546658734,Low,/logosFondosMutuos/logoPrudential.png
Fondo de Fondos,-PHI DEUDA INTERNACIONAL SERIE B,PRUDENTIALSAF SAF,22/05/2023,$,10.28,0.0092,0.0189,,,,,,,,,,,7.0,1,Fondo de Fondos,216,0.0189,0.0092,0.0187333333333333,0.0067421147358311,0.0282738799999999,1.5,0.0188492533333333,0.018761527848659,-0.1836919423454899,Low,/logosFondosMutuos/logoPrudential.png
Fondo de Fondos,-PHI RV ESTRATEGIA GLOBAL SERIE A,PRUDENTIALSAF SAF,26/06/2023,$,12.37,0.143,0.0797,,,,,,,,,,,145.0,1,Fondo de Fondos,217,0.143,0.0797,0.1484666666666666,0.0487787806781232,0.2340970999999999,1.5,0.1560647333333332,0.1505342576781463,2.676045933569013,Low,/logosFondosMutuos/logoPrudential.png
Fondo de Fondos,-PHI RV ESTRATEGIA GLOBAL SERIE B,PRUDENTIALSAF SAF,26/06/2023,$,12.57,0.1532,0.0877,,,,,,,,,,,6.0,1,Fondo de Fondos,218,0.1532,0.0877,0.1606,0.0518129809989736,0.2543356399999997,1.5,0.1695570933333331,0.1630788940791487,2.7614487975896065,Medium Low,/logosFondosMutuos/logoPrudential.png
Fondo de Fondos,SCOTIA FF INSTITU RF GLOBAL,SCOTIA FONDOS,26/07/2023,$,1102.03,0.0436,0.0473,,,,,,,,,,114232417.75,34.0,1,Fondo de Fondos,219,0.0473,0.0436,0.0606,0.0152625358312437,0.09296228,1.5,0.0619748533333333,0.0610522793253123,2.6897417165288235,Low,/logosFondosMutuos/logoScotia2.png
Fondo de Fondos,Scotia Fondo de F. Acc. Europa,SCOTIA FONDOS,20/03/2018,$,11.36,0.0493,0.2338,-0.2674,0.0829,0.0873,0.2057,-0.1684,,,,,25827274.93,190.0,6,Fondo de Fondos,220,0.2338,-0.2674,0.0343384615384615,0.1718328341960912,0.1197029860986612,6.5,0.0184158440151786,0.017546541511161,-0.0142781704108953,Medium High,/logosFondosMutuos/logoScotia2.png
Fondo de Fondos,SCOTIA FONDO DE F. ACC. US,SCOTIA FONDOS,19/06/2014,$,25.19,0.2,0.3052,-0.2852,0.2695,0.1265,0.1987,-0.0475,0.2565,0.0328,0.0277,0.0228,117138472.15,621.0,10,Fondo de Fondos,221,0.3052,-0.2852,0.1054285714285714,0.1656556953073304,1.4935497876332138,10.5,0.1422428369174489,0.0909182186751724,0.4281061302697889,Medium High,/logosFondosMutuos/logoScotia2.png
Fondo de Fondos,SCOTIA FONDO DE F. DEUDA HY,SCOTIA FONDOS,28/03/2018,$,11.24,0.0447,0.0999,-0.1286,0.0172,0.0091,0.096,-0.0173,,,,,43960305.55,159.0,6,Fondo de Fondos,222,0.0999,-0.1286,0.0186153846153846,0.0720424524982396,0.1069663525635786,6.5,0.0164563619328582,0.0157572032327086,-0.0588930084993287,Medium Low,/logosFondosMutuos/logoScotia2.png
Fondo de Fondos,Scotia Fondo de F. Deuda IG,SCOTIA FONDOS,05/04/2018,$,10.3,0.0356,0.0572,-0.1308,-0.037,0.0298,0.075,0.0005,,,,,82734148.37,235.0,6,Fondo de Fondos,223,0.075,-0.1308,0.0046615384615384,0.0648071318330999,0.015017770386609,6.5,0.0023104262133244,0.0022958807550159,-0.2731816506025612,Medium Low,/logosFondosMutuos/logoScotia2.png
Fondo de Fondos,SFdF Acciones Emergentes,SCOTIA FONDOS,19/08/2014,$,4.32,0.0543,0.0629,-0.3307,-0.0097,-0.1362,0.0579,-0.1933,0.2462,0.2347,-0.3708,-0.1775,19416164.83,209.0,10,Fondo de Fondos,224,0.2462,-0.3708,-0.0535428571428571,0.1980950792123905,-0.563998576651428,10.5,-0.0537141501572788,-0.0760137361701385,-0.4846851146019432,Medium High,/logosFondosMutuos/logoScotia2.png
Fondo de Fondos,SFdF Distributivo HY II,SCOTIA FONDOS,12/09/2020,$,819.07,0.0222,0.0343,-0.187,-0.0538,0.0104,,,,,,,76816086.42,190.0,4,Fondo de Fondos,225,0.0343,-0.187,-0.0386444444444444,0.0820577329132617,-0.1782319952387288,4.5,-0.0396071100530508,-0.0426838533564704,-0.7638994051021337,Medium Low,/logosFondosMutuos/logoScotia2.png
Fondo de Fondos,SFdF DISTRIBUTIVO IG,SCOTIA FONDOS,03/11/2020,$,939.68,-0.0014,0.0315,-0.1167,-0.0233,0.0585,,,,,,,180810325.41,299.0,4,Fondo de Fondos,226,0.0585,-0.1167,-0.0114222222222222,0.0600938788197678,-0.0593651295078034,4.5,-0.013192251001734,-0.0135079898976808,-0.5575940604229804,Medium Low,/logosFondosMutuos/logoScotia2.png
Fondo de Fondos,SFdF Igualdad de Genero,SCOTIA FONDOS,17/09/2021,$,10.91,0.1736,0.143,-0.2236,0.0489,,,,,,,,5499805.88,58.0,3,Fondo de Fondos,227,0.1736,-0.2236,0.0405428571428571,0.1565590625004519,0.0924106950198078,3.5,0.0264030557199451,0.0255749685778448,0.0356093635769485,Medium High,/logosFondosMutuos/logoScotia2.png
Fondo de Fondos,SURA ACC. NORTEAMERICANAS,FONDOS SURA SAF,21/02/2014,$,27.66,0.1976,0.2341,-0.1909,0.1929,0.1781,0.2678,-0.0723,0.1765,0.0867,-0.0039,0.0867,98985453.57,818.0,10,Fondo de Fondos,228,0.2678,-0.1909,0.1098380952380952,0.1354194488330344,1.7354138729306965,10.5,0.1652775117076853,0.1005790520941651,0.5950330826816108,Medium,/logosFondosMutuos/logoSura.png
Fondo de Fondos,SURA ACCIONES GLOBALES,FONDOS SURA SAF,24/07/2018,$,15.38,0.1391,0.1976,-0.2098,0.1377,0.129,0.2325,-0.107,,,,,37674174.86,416.0,6,Fondo de Fondos,229,0.2325,-0.2098,0.0798615384615384,0.153646606604403,0.5239501162392844,6.5,0.0806077101906591,0.0669629682777024,0.3056557467527995,Medium High,/logosFondosMutuos/logoSura.png
Fondo de Fondos,-SURA BONOS GLOBALES SERIE A,FONDOS SURA SAF,26/09/2017,$,106.29,0.0341,0.0583,-0.0782,-0.0117,0.037,0.0816,-0.0617,,,,,,264.0,7,Fondo de Fondos,230,0.0816,-0.0782,0.0091384615384615,0.0562484426759156,0.0492620965234337,6.5,0.0075787840805282,0.0074254563520956,-0.2235536318819448,Medium Low,/logosFondosMutuos/logoSura.png
Fondo de Fondos,-SURA BONOS GLOBALES SERIE B,FONDOS SURA SAF,26/09/2017,$,86.17,0.0094,0.0189,-0.1094,-0.0433,0.002,0.0713,-0.0733,,,,,,69.0,7,Fondo de Fondos,231,0.0713,-0.1094,-0.0191384615384615,0.0567597892622245,-0.1282914276132035,6.5,-0.0197371427097236,-0.0209015648817985,-0.7206081173564156,Medium Low,/logosFondosMutuos/logoSura.png
Fondo de Fondos,-SURA CAPITAL ESTRATEGICO I SERIE A,FONDOS SURA SAF,10/02/2013,S/.,140.91,0.0516,0.0406,-0.1345,0.0105,0.1127,0.0632,0.014,0.0707,0.0074,0.0823,0.0321,,185.0,11,Fondo de Fondos,232,0.1127,-0.1345,0.0333904761904761,0.0611337289716215,0.3832732728719497,10.5,0.0365022164639952,0.0313826185777961,0.1861921196248304,Medium Low,/logosFondosMutuos/logoSura.png
Fondo de Fondos,-SURA CAPITAL ESTRATEGICO I SERIE B,FONDOS SURA SAF,10/02/2013,S/.,144.72,0.0537,0.0431,-0.1325,0.0129,0.1153,0.0657,0.0164,0.0733,0.0098,0.0849,0.0346,,121.0,11,Fondo de Fondos,233,0.1153,-0.1325,0.0359238095238095,0.0612835430178078,0.4193483047929521,10.5,0.0399379337898049,0.0339145928699582,0.2270526830655813,Medium Low,/logosFondosMutuos/logoSura.png
Fondo de Fondos,-SURA CAPITAL ESTRATEGICO II SERIE A,FONDOS SURA SAF,10/02/2013,S/.,143.1,0.0717,0.0558,-0.1228,0.0156,0.1253,0.0798,-0.025,0.1022,-0.001,0.0572,0.0069,,247.0,11,Fondo de Fondos,234,0.1253,-0.1228,0.0348285714285714,0.065993013488653,0.3997866637395987,10.5,0.0380749203561522,0.0325489574440964,0.1901558480316126,Medium Low,/logosFondosMutuos/logoSura.png
Fondo de Fondos,-SURA CAPITAL ESTRATEGICO II SERIE B,FONDOS SURA SAF,10/02/2013,S/.,146.57,0.0739,0.0583,-0.1207,0.018,0.1279,0.0824,-0.0227,0.1048,-0.0014,0.0597,0.0092,,211.0,11,Fondo de Fondos,235,0.1279,-0.1207,0.0370857142857142,0.0662613818416289,0.432119216203925,10.5,0.0411542110670404,0.0347969958961962,0.2233125160529019,Medium Low,/logosFondosMutuos/logoSura.png
Fondo de Fondos,SURA DEUDA PRIV. GLOBAL,FONDOS SURA SAF,30/06/2022,$,10089.71,0.0067,0.0,0.0023,,,,,,,,,102872989.15,285.0,2,Fondo de Fondos,236,0.0067,0.0,0.0036,0.0028437065014988,0.0090154099999998,2.5,0.0036061639999999,0.0035964573089304,-5.768366982465952,Low,/logosFondosMutuos/logoSura.png
Fondo de Fondos,Sura Real Estate Global Income,FONDOS SURA SAF,07/05/2018,$,11149.65,-0.0742,-0.1216,0.0551,0.1873,0.0479,0.0366,0.005,,,,,729304265.74,1789.0,6,Fondo de Fondos,237,0.1873,-0.1216,0.0209384615384615,0.0921473625468731,0.1121431749892157,6.5,0.017252796152187,0.0164865729785144,-0.0381283514186137,Medium Low,/logosFondosMutuos/logoSura.png
Fondo de Fondos,-SURA SELECCION GLOBAL I SERIE A,FONDOS SURA SAF,09/08/2016,$,129.69,0.0718,0.1079,-0.1232,0.0056,0.0769,0.1241,-0.0563,0.0879,-0.0071,,,,267.0,8,Fondo de Fondos,238,0.1241,-0.1232,0.033835294117647,0.0782514202752033,0.2919594656268077,8.5,0.0343481724266832,0.030595174107068,0.1353991284733967,Medium Low,/logosFondosMutuos/logoSura.png
Fondo de Fondos,-SURA SELECCION GLOBAL I SERIE B,FONDOS SURA SAF,09/08/2016,$,132.22,0.0739,0.1105,-0.1211,0.008,0.0795,0.1267,-0.0541,0.0908,-0.0064,,,,2.0,8,Fondo de Fondos,239,0.1267,-0.1211,0.0362117647058823,0.0785252151824753,0.3173927843981531,8.5,0.0373403275762533,0.0329615371296845,0.1650621026579139,Medium Low,/logosFondosMutuos/logoSura.png
Flexible Dólares,BDC DEUDA DIVERSIFICADA FMIV,BD CAPITAL SAF,16/03/2021,$,94.51,0.0844,-0.0185,-0.1471,0.0437,,,,,,,,22266855.58,10.0,3,Flexible,240,0.0844,-0.1471,-0.0107142857142857,0.0875632946001033,-0.0525558671322218,3.5,-0.0150159620377776,-0.0153065895585933,-0.4032122103198209,Medium Low,/logosFondosMutuos/logoBD.png
Flexible Dólares,SCOTIA DEPÓSITO DISPONIBLE $,SCOTIA FONDOS,17/08/2011,$,11.7,0.0352,0.0057,0.0091,0.0059,0.0139,0.023,0.0176,0.0105,0.0067,0.0056,0.0017,162483824.11,3035.0,13,Flexible,241,0.0352,0.0017,0.012847619047619,0.009341485418539,0.1429544102516649,10.5,0.0136147057382538,0.0128066929605894,-0.7700388875129786,Low,/logosFondosMutuos/logoScotia2.png
Inst Deuda Duración Flexibl $,BBVA Distributivo $ FMIV,CONTINENTAL FM,20/12/2023,$,106.66,0.0576,0.0024,,,,,,,,,,28745292.27,107.0,1,Renta Fija,242,0.0576,0.0024,0.04,0.029355749011054,0.0601382399999999,1.5,0.0400921599999999,0.039700692934167,0.671101695506002,Low,/logosFondosMutuos/logoBbva.svg
Inst Deuda Duración Flexibl $,BBVA DISTRIBUTIVO $ II,CONTINENTAL FM,04/02/2024,$,104.33,0.0385,,,,,,,,,,,28480238.92,82.0,0,Renta Fija,243,0.0385,0.0385,0.077,,0.0384999999999999,0.5,0.0769999999999998,0.0784822499999999,,,/logosFondosMutuos/logoBbva.svg
Inst Deuda Duración Flexibl $,BBVA SUPER $ 17,CONTINENTAL FM,30/07/2024,$,101.88,0.0121,,,,,,,,,,,88111617.17,328.0,0,Renta Fija,244,0.0121,0.0121,0.0242,,0.0120999999999999,0.5,0.0241999999999998,0.0243464099999999,,,/logosFondosMutuos/logoBbva.svg
Inst Deuda Duración Flexibl $,BBVA SUPER $ 18,CONTINENTAL FM,24/09/2024,$,101.01,0.0039,,,,,,,,,,,26641820.02,86.0,0,Renta Fija,245,0.0039,0.0039,0.0078,,0.0039,0.5,0.0078,0.0078152099999999,,,/logosFondosMutuos/logoBbva.svg
Inst Deuda Duración Flexibl $,BBVA SUPER DOLARES 13,CONTINENTAL FM,21/12/2023,$,104.8,0.0447,0.0,,,,,,,,,,48116699.11,137.0,1,Renta Fija,246,0.0447,0.0,0.0297999999999999,0.0235589685682544,0.0446999999999999,1.5,0.0297999999999999,0.0295822889124943,0.4067363511578537,Low,/logosFondosMutuos/logoBbva.svg
Inst Deuda Duración Flexibl $,BBVA SUPER DOLARES 14,CONTINENTAL FM,03/07/2024,$,103.91,0.0312,,,,,,,,,,,122777869.79,320.0,0,Renta Fija,247,0.0312,0.0312,0.0624,,0.0311999999999999,0.5,0.0623999999999998,0.0633734399999998,,,/logosFondosMutuos/logoBbva.svg
Inst Deuda Duración Flexibl $,BBVA SUPER DOLARES 15,CONTINENTAL FM,26/04/2024,$,103.22,0.0253,,,,,,,,,,,107480767.67,364.0,0,Renta Fija,248,0.0253,0.0253,0.0506,,0.0253000000000001,0.5,0.0506000000000003,0.0512400900000002,,,/logosFondosMutuos/logoBbva.svg
Inst Deuda Duración Flexibl $,BBVA SUPER DOLARES 16,CONTINENTAL FM,06/11/2024,$,102.5,0.019,,,,,,,,,,,105683248.72,328.0,0,Renta Fija,249,0.019,0.019,0.038,,0.0189999999999999,0.5,0.0379999999999998,0.0383609999999998,,,/logosFondosMutuos/logoBbva.svg
Inst Deuda Duración Flexibl $,CC RENTA DOLARES 2Y II,CREDIFONDO SAF,10/01/2024,$,100.08,-0.0015,,,,,,,,,,,23182020.78,109.0,0,Renta Fija,250,-0.0015,-0.0015,-0.003,,-0.0014999999999999,0.5,-0.0029999999999998,-0.0029977499999999,,,/logosFondosMutuos/logoCredicorp.png
Inst Deuda Duración Flexibl $,CC RENTA DOLARES 3Y VI,CREDIFONDO SAF,19/12/2023,$,105.2,0.0463,0.004,,,,,,,,,,36258902.86,122.0,1,Renta Fija,251,0.0463,0.004,0.0335333333333333,0.0227508852086633,0.0504852000000001,1.5,0.0336568,0.0333797781912363,0.5880992351955372,Low,/logosFondosMutuos/logoCredicorp.png
Inst Deuda Duración Flexibl $,CC RENTA DOLARES 3Y VII,CREDIFONDO SAF,17/06/2024,$,103.35,0.0288,,,,,,,,,,,24724854.9,94.0,0,Renta Fija,252,0.0288,0.0288,0.0576,,0.0287999999999999,0.5,0.0575999999999999,0.0584294399999998,,,/logosFondosMutuos/logoCredicorp.png
Inst Deuda Duración Flexibl $,CC RENTA DOLARES 4Y VI,CREDIFONDO SAF,08/11/2022,$,110.19,0.0496,0.0599,-0.0105,,,,,,,,,24830849.71,106.0,2,Renta Fija,253,0.0599,-0.0105,0.0396,0.0317390401031075,0.1007900940800001,2.5,0.040316037632,0.0391585256837385,0.6036264997775653,Low,/logosFondosMutuos/logoCredicorp.png
Inst Deuda Duración Flexibl $,CRED DEUDA CORP LATAM HY,CREDIFONDO SAF,24/01/2019,$,124.61,0.0949,0.0655,-0.0884,0.0034,0.0484,0.1111,,,,,,113298554.01,108.0,5,Renta Fija,254,0.1111,-0.0884,0.0427090909090909,0.0666931003035484,0.2430439463675812,5.5,0.0441898084304693,0.0403497341423044,0.3051250286713954,Medium Low,/logosFondosMutuos/logoCredicorp.png
Inst Deuda Duración Flexibl $,IF Enfoque LATAM,INTERFONDO,09/07/2017,$,47.42,0.0479,0.0519,-0.1299,-0.0481,0.0285,0.0622,-0.0359,-0.0129,,,,9709077.42,140.0,7,Renta Fija,255,0.0622,-0.1299,-0.00484,0.0613880798689778,-0.050819912304004,7.5,-0.0067759883072005,-0.0069301063076421,-0.4386862460125769,Medium Low,/logosFondosMutuos/logoInterFondos.png
Inst Deuda Duración Flexibl $,IF LIBRE DISPONIBILIDAD,INTERFONDO,07/07/2015,$,0.0,,0.0428,0.0145,0.0041,0.0099,0.0213,0.0171,0.0094,0.0062,0.0018,,2832191711.96,22028.0,9,Renta Fija,256,0.0428,0.0018,0.0141222222222222,0.011728955412215,0.1338459159728879,9.0,0.0148717684414319,0.0140551149875021,-0.5068554533259311,Low,/logosFondosMutuos/logoInterFondos.png
Inst Deuda Duración Flexibl $,SURA PLAZO DEFINIDO $ II,FONDOS SURA SAF,14/12/2023,$,104.88,0.0433,0.0027,,,,,,,,,,21868163.05,128.0,1,Renta Fija,257,0.0433,0.0027,0.0306666666666666,0.0216994879611888,0.0461169099999997,1.5,0.0307446066666665,0.0305130159958546,0.4844822151867356,Low,/logosFondosMutuos/logoSura.png
Inst Deuda Duración Flexibl S/,IF LIBRE DISPONIBILIDAD S/.,INTERFONDO,05/07/2015,S/.,0.0,,,,,,0.0273,0.0267,0.0358,0.0383,0.0189,,1815119443.14,37890.0,9,Renta Fija,258,0.0383,0.0189,0.0294,0.0069587355173192,0.1557693497396789,5.0,0.0311538699479357,0.0293764650378169,1.3474380531463528,Low,/logosFondosMutuos/logoInterFondos.png
Inst Deuda Duración Flexibl S/,-IF LIBRE DISPONIBILIDAD S/. SERIE A,INTERFONDO,05/07/2015,S/.,135.98,0.043,0.0639,0.0395,0.0052,,,,,,,,,36746.0,9,Renta Fija,259,0.0639,0.0052,0.0433142857142857,0.0217434930449529,0.1594768738275803,3.5,0.0455648210935943,0.0431832314089675,1.0662146767788412,Low,/logosFondosMutuos/logoInterFondos.png
Inst Deuda Duración Flexibl S/,-IF LIBRE DISPONIBILIDAD S/. SERIE B,INTERFONDO,05/07/2015,S/.,136.75,0.0446,0.0654,0.0407,0.0064,,,,,,,,,172.0,9,Renta Fija,260,0.0654,0.0064,0.0448857142857142,0.021906551298548,0.165625115742483,3.5,0.0473214616407094,0.0447606997681657,1.1302874391646878,Low,/logosFondosMutuos/logoInterFondos.png
Inst Deuda Duración Flexibl S/,SURA DEUDA SOBER. DISTRIB. S/,FONDOS SURA SAF,26/04/2023,S/.,111.46,0.0305,0.0473,,,,,,,,,,56018873.88,252.0,1,Renta Fija,261,0.0473,0.0305,0.0518666666666666,0.0154497393002097,0.0792426499999999,1.5,0.0528284333333332,0.0521542160377457,2.08121414950408,Low,/logosFondosMutuos/logoSura.png
Inst Deuda Duración Flexibl S/,Sura Plazo Definido S/ IV,FONDOS SURA SAF,17/05/2024,S/.,102.41,0.0239,,,,,,,,,,,117249296.84,10.0,0,Renta Fija,262,0.0239,0.0239,0.0478,,0.0239,0.5,0.0478,0.04837121,,,/logosFondosMutuos/logoSura.png
Fondo Bursátil - ETF,VAN ECK EL DORADO PERU ETF,EL DORADO SAF,03/11/2021,$,12.42,0.1377,0.2915,0.0086,-0.1739,,,,,,,,389598933.9,1.0,3,Fondo Bursátil - ETF,263,0.2915,-0.1739,0.0754,0.1711674837695524,0.2242602663143928,3.5,0.0640743618041122,0.0595142130826964,0.2308511652592587,Medium High,/logosFondosMutuos/logoDorado.png
