fund_id,year,return
1,2014,-0.0042
1,2015,-0.0556
1,2016,0.0315
1,2017,0.2009
1,2018,-0.1154
1,2019,0.2313
1,2020,0.1303
1,2021,0.1397
1,2022,-0.2041
1,2023,0.1656
1,2024,0.1297
2,2014,-0.116
2,2015,-0.4038
2,2016,0.5416
2,2017,0.2724
2,2018,-0.1253
2,2019,0.0563
2,2020,-0.0588
2,2021,-0.0644
2,2022,0.0215
2,2023,0.228
2,2024,0.1415
3,2014,
3,2015,
3,2016,
3,2017,
3,2018,
3,2019,
3,2020,
3,2021,-0.1966
3,2022,-0.3026
3,2023,0.2314
3,2024,0.0574
4,2014,
4,2015,
4,2016,
4,2017,
4,2018,
4,2019,
4,2020,
4,2021,-0.0248
4,2022,-0.3043
4,2023,0.2285
4,2024,0.0553
5,2014,
5,2015,
5,2016,
5,2017,
5,2018,
5,2019,
5,2020,0.4255
5,2021,-0.0271
5,2022,-0.3059
5,2023,0.2256
5,2024,0.0532
6,2014,
6,2015,
6,2016,
6,2017,
6,2018,-0.1108
6,2019,0.1666
6,2020,0.2443
6,2021,0.1192
6,2022,-0.206
6,2023,0.1724
6,2024,0.1273
7,2014,
7,2015,
7,2016,
7,2017,
7,2018,-0.1133
7,2019,0.1618
7,2020,0.2414
7,2021,0.1165
7,2022,-0.208
7,2023,0.1697
7,2024,0.125
8,2014,
8,2015,
8,2016,
8,2017,
8,2018,-0.1158
8,2019,0.156
8,2020,0.2356
8,2021,0.1113
8,2022,-0.2117
8,2023,0.1642
8,2024,0.1205
9,2014,-0.075
9,2015,-0.3053
9,2016,0.4764
9,2017,0.2204
9,2018,-0.0914
9,2019,-0.0132
9,2020,0.0031
9,2021,0.075
9,2022,-0.0743
9,2023,0.1398
9,2024,0.0909
10,2014,-0.1759
10,2015,-0.5004
10,2016,0.7177
10,2017,0.2781
10,2018,-0.1698
10,2019,-0.0352
10,2020,-0.1799
10,2021,0.03
10,2022,-0.0381
10,2023,0.0595
10,2024,0.0933
11,2014,-0.0725
11,2015,-0.348
11,2016,0.4648
11,2017,0.0711
11,2018,-0.1278
11,2019,-0.0032
11,2020,0.0045
11,2021,-0.0551
11,2022,-0.0373
11,2023,0.1729
11,2024,0.1512
12,2014,-0.0779
12,2015,-0.3078
12,2016,0.5058
12,2017,0.2643
12,2018,-0.0982
12,2019,0.0142
12,2020,0.0648
12,2021,0.0576
12,2022,-0.0726
12,2023,0.202
12,2024,0.1317
13,2014,
13,2015,
13,2016,
13,2017,
13,2018,
13,2019,
13,2020,
13,2021,
13,2022,
13,2023,
13,2024,0.0132
14,2014,
14,2015,
14,2016,
14,2017,
14,2018,
14,2019,
14,2020,
14,2021,
14,2022,
14,2023,
14,2024,0.0286
15,2014,
15,2015,
15,2016,
15,2017,
15,2018,
15,2019,
15,2020,
15,2021,
15,2022,
15,2023,
15,2024,0.029
16,2014,
16,2015,
16,2016,
16,2017,
16,2018,
16,2019,
16,2020,
16,2021,
16,2022,
16,2023,
16,2024,0.0272
17,2014,
17,2015,
17,2016,
17,2017,
17,2018,
17,2019,
17,2020,
17,2021,
17,2022,
17,2023,
17,2024,0.0283
18,2014,
18,2015,
18,2016,
18,2017,
18,2018,
18,2019,
18,2020,
18,2021,
18,2022,
18,2023,
18,2024,0.0106
19,2014,
19,2015,
19,2016,
19,2017,
19,2018,
19,2019,
19,2020,
19,2021,
19,2022,
19,2023,
19,2024,0.011
20,2014,
20,2015,
20,2016,
20,2017,
20,2018,
20,2019,
20,2020,
20,2021,
20,2022,0.0846
20,2023,0.0037
20,2024,-0.0339
21,2014,
21,2015,
21,2016,
21,2017,
21,2018,
21,2019,
21,2020,
21,2021,
21,2022,
21,2023,
21,2024,0.0652
22,2014,
22,2015,
22,2016,
22,2017,
22,2018,
22,2019,
22,2020,
22,2021,
22,2022,
22,2023,
22,2024,0.0295
23,2014,
23,2015,
23,2016,
23,2017,
23,2018,
23,2019,
23,2020,
23,2021,
23,2022,
23,2023,
23,2024,0.0271
24,2014,
24,2015,
24,2016,
24,2017,
24,2018,
24,2019,
24,2020,
24,2021,
24,2022,
24,2023,
24,2024,0.0229
25,2014,
25,2015,
25,2016,
25,2017,
25,2018,
25,2019,
25,2020,
25,2021,
25,2022,
25,2023,
25,2024,0.0222
26,2014,
26,2015,
26,2016,
26,2017,
26,2018,
26,2019,
26,2020,
26,2021,
26,2022,
26,2023,
26,2024,0.017
27,2014,
27,2015,
27,2016,
27,2017,
27,2018,
27,2019,
27,2020,
27,2021,
27,2022,
27,2023,
27,2024,0.0197
28,2014,
28,2015,
28,2016,
28,2017,
28,2018,
28,2019,
28,2020,
28,2021,
28,2022,
28,2023,
28,2024,0.011
29,2014,
29,2015,
29,2016,
29,2017,
29,2018,
29,2019,
29,2020,
29,2021,
29,2022,
29,2023,
29,2024,0.0129
30,2014,
30,2015,
30,2016,
30,2017,
30,2018,
30,2019,
30,2020,
30,2021,
30,2022,
30,2023,
30,2024,0.0147
31,2014,
31,2015,
31,2016,
31,2017,
31,2018,
31,2019,
31,2020,
31,2021,
31,2022,
31,2023,
31,2024,0.0118
32,2014,
32,2015,
32,2016,
32,2017,
32,2018,
32,2019,
32,2020,
32,2021,
32,2022,
32,2023,
32,2024,0.0121
33,2014,
33,2015,
33,2016,
33,2017,
33,2018,
33,2019,
33,2020,
33,2021,
33,2022,
33,2023,
33,2024,0.0095
34,2014,
34,2015,
34,2016,
34,2017,
34,2018,
34,2019,
34,2020,
34,2021,
34,2022,
34,2023,
34,2024,0.0091
35,2014,
35,2015,
35,2016,
35,2017,
35,2018,
35,2019,
35,2020,
35,2021,
35,2022,
35,2023,
35,2024,0.008
36,2014,
36,2015,
36,2016,
36,2017,
36,2018,
36,2019,
36,2020,
36,2021,
36,2022,
36,2023,
36,2024,0.0071
37,2014,
37,2015,
37,2016,
37,2017,
37,2018,
37,2019,
37,2020,
37,2021,
37,2022,
37,2023,
37,2024,-0.0001
38,2014,
38,2015,
38,2016,
38,2017,
38,2018,
38,2019,
38,2020,
38,2021,
38,2022,
38,2023,
38,2024,0.0062
39,2014,
39,2015,
39,2016,
39,2017,
39,2018,
39,2019,
39,2020,
39,2021,
39,2022,
39,2023,
39,2024,0.0036
40,2014,
40,2015,
40,2016,
40,2017,
40,2018,
40,2019,
40,2020,
40,2021,
40,2022,
40,2023,
40,2024,0.0051
41,2014,
41,2015,
41,2016,
41,2017,
41,2018,
41,2019,
41,2020,
41,2021,
41,2022,
41,2023,
41,2024,0.0046
42,2014,
42,2015,
42,2016,
42,2017,
42,2018,
42,2019,
42,2020,
42,2021,
42,2022,
42,2023,
42,2024,0.0026
43,2014,
43,2015,
43,2016,
43,2017,
43,2018,
43,2019,
43,2020,
43,2021,
43,2022,
43,2023,
43,2024,0.001
44,2014,
44,2015,
44,2016,
44,2017,
44,2018,
44,2019,
44,2020,
44,2021,
44,2022,
44,2023,0.0006
44,2024,0.0407
45,2014,
45,2015,
45,2016,
45,2017,
45,2018,
45,2019,
45,2020,
45,2021,
45,2022,
45,2023,0.0086
45,2024,0.0402
46,2014,
46,2015,
46,2016,
46,2017,
46,2018,
46,2019,
46,2020,
46,2021,
46,2022,
46,2023,0.0071
46,2024,0.0419
47,2014,
47,2015,
47,2016,
47,2017,
47,2018,
47,2019,
47,2020,
47,2021,
47,2022,
47,2023,0.0028
47,2024,0.0411
48,2014,
48,2015,
48,2016,
48,2017,
48,2018,
48,2019,
48,2020,
48,2021,
48,2022,
48,2023,
48,2024,0.0353
49,2014,
49,2015,
49,2016,
49,2017,
49,2018,
49,2019,
49,2020,
49,2021,
49,2022,
49,2023,
49,2024,0.0291
50,2014,
50,2015,
50,2016,
50,2017,
50,2018,
50,2019,
50,2020,
50,2021,
50,2022,
50,2023,
50,2024,0.0207
51,2014,
51,2015,
51,2016,
51,2017,
51,2018,
51,2019,
51,2020,
51,2021,
51,2022,
51,2023,
51,2024,0.0042
52,2014,
52,2015,
52,2016,
52,2017,
52,2018,
52,2019,
52,2020,
52,2021,
52,2022,
52,2023,
52,2024,0.0089
53,2014,
53,2015,
53,2016,
53,2017,
53,2018,
53,2019,
53,2020,
53,2021,
53,2022,
53,2023,
53,2024,0.0197
54,2014,
54,2015,
54,2016,
54,2017,
54,2018,
54,2019,
54,2020,
54,2021,
54,2022,
54,2023,
54,2024,0.0011
55,2014,-0.0369
55,2015,-0.2569
55,2016,0.3873
55,2017,0.1833
55,2018,-0.0641
55,2019,0.039
55,2020,0.0319
55,2021,0.0144
55,2022,-0.007
55,2023,0.1561
55,2024,0.1157
56,2014,-0.0592
56,2015,-0.2343
56,2016,0.2536
56,2017,0.1401
56,2018,-0.0723
56,2019,0.0576
56,2020,-0.0131
56,2021,-0.0317
56,2022,-0.0036
56,2023,0.1281
56,2024,0.0773
57,2014,-0.0538
57,2015,-0.2057
57,2016,0.2485
57,2017,0.1365
57,2018,-0.0673
57,2019,0.0162
57,2020,-0.0322
57,2021,-0.0388
57,2022,-0.0022
57,2023,0.1257
57,2024,0.0652
58,2014,-0.0668
58,2015,-0.2327
58,2016,0.2688
58,2017,0.0608
58,2018,-0.0685
58,2019,0.0268
58,2020,-0.0418
58,2021,-0.0841
58,2022,0.0318
58,2023,0.0994
58,2024,0.0555
59,2014,0.0066
59,2015,-0.0874
59,2016,0.1572
59,2017,0.0945
59,2018,-0.0157
59,2019,0.0395
59,2020,0.0285
59,2021,-0.0247
59,2022,-0.0002
59,2023,0.0881
59,2024,0.0638
60,2014,0.0278
60,2015,-0.0636
60,2016,0.1824
60,2017,0.0933
60,2018,-0.0048
60,2019,0.0177
60,2020,0.0125
60,2021,0.0011
60,2022,0.0086
60,2023,0.0684
60,2024,0.0796
61,2014,-0.0304
61,2015,-0.1292
61,2016,0.1267
61,2017,0.0781
61,2018,-0.0509
61,2019,0.0526
61,2020,0.0021
61,2021,-0.0229
61,2022,-0.0166
61,2023,0.0766
61,2024,0.0436
62,2014,0.0361
62,2015,0.0084
62,2016,0.0522
62,2017,0.0667
62,2018,0.0154
62,2019,0.0627
62,2020,0.0347
62,2021,-0.0486
62,2022,0.0056
62,2023,0.1032
62,2024,0.0498
63,2014,0.0417
63,2015,0.0262
63,2016,0.0651
63,2017,0.0662
63,2018,0.0231
63,2019,0.0619
63,2020,0.0467
63,2021,-0.0343
63,2022,0.0023
63,2023,0.0917
63,2024,0.0616
64,2014,0.041
64,2015,0.0185
64,2016,0.0465
64,2017,0.0597
64,2018,0.0187
64,2019,0.0492
64,2020,0.0283
64,2021,-0.0386
64,2022,-0.0675
64,2023,0.0926
64,2024,0.0542
65,2014,0.0507
65,2015,-0.0016
65,2016,0.0566
65,2017,0.0626
65,2018,0.0361
65,2019,0.0569
65,2020,0.0494
65,2021,-0.0256
65,2022,0.0132
65,2023,0.0786
65,2024,0.052
66,2014,0.0085
66,2015,-0.0074
66,2016,0.0072
66,2017,0.0245
66,2018,-0.0039
66,2019,0.0565
66,2020,0.0257
66,2021,-0.0268
66,2022,-0.0366
66,2023,0.0607
66,2024,0.0478
67,2014,0.011
67,2015,0.0013
67,2016,0.0177
67,2017,0.0303
67,2018,-0.0058
67,2019,0.0629
67,2020,0.0401
67,2021,-0.0063
67,2022,-0.036
67,2023,0.0603
67,2024,0.0537
68,2014,0.0116
68,2015,-0.0033
68,2016,0.0146
68,2017,0.0228
68,2018,-0.0026
68,2019,0.044
68,2020,0.0309
68,2021,-0.0142
68,2022,-0.0439
68,2023,0.0331
68,2024,0.0329
69,2014,0.0294
69,2015,0.0324
69,2016,0.038
69,2017,0.0317
69,2018,0.0199
69,2019,0.0249
69,2020,0.0091
69,2021,0.001
69,2022,0.038
69,2023,0.0713
69,2024,0.0476
70,2014,0.0326
70,2015,0.0297
70,2016,0.0443
70,2017,0.045
70,2018,0.0222
70,2019,0.0378
70,2020,0.0245
70,2021,-0.0195
70,2022,0.0272
70,2023,0.0768
70,2024,0.0496
71,2014,
71,2015,
71,2016,
71,2017,
71,2018,0.0073
71,2019,0.032
71,2020,0.0138
71,2021,0.0014
71,2022,0.0344
71,2023,0.0708
71,2024,0.0487
72,2014,0.0321
72,2015,0.0479
72,2016,0.0491
72,2017,0.0457
72,2018,0.0293
72,2019,0.0377
72,2020,0.0307
72,2021,-0.0076
72,2022,0.0329
72,2023,0.0754
72,2024,0.0537
73,2014,0.0334
73,2015,0.035
73,2016,0.0424
73,2017,0.0388
73,2018,0.0281
73,2019,0.0302
73,2020,0.0136
73,2021,0.002
73,2022,0.0457
73,2023,0.0721
73,2024,0.0478
74,2014,0.0352
74,2015,0.0383
74,2016,0.0588
74,2017,0.0543
74,2018,0.0361
74,2019,0.04
74,2020,0.0217
74,2021,0.0145
74,2022,0.0495
74,2023,0.077
74,2024,-0.048
75,2014,
75,2015,
75,2016,
75,2017,
75,2018,
75,2019,
75,2020,
75,2021,
75,2022,
75,2023,0.0635
75,2024,0.0437
76,2014,0.0438
76,2015,0.0362
76,2016,0.0526
76,2017,0.0505
76,2018,0.0324
76,2019,0.0429
76,2020,0.0296
76,2021,-0.0067
76,2022,0.0394
76,2023,0.067
76,2024,0.0525
77,2014,0.0375
77,2015,0.0419
77,2016,0.048
77,2017,0.0423
77,2018,0.0303
77,2019,0.0334
77,2020,0.0156
77,2021,0.0052
77,2022,0.0462
77,2023,0.0732
77,2024,0.0487
78,2014,0.0009
78,2015,0.0013
78,2016,0.0035
78,2017,0.0082
78,2018,0.0149
78,2019,0.0188
78,2020,0.0071
78,2021,0.001
78,2022,0.0122
78,2023,0.0442
78,2024,0.0412
79,2014,0.0012
79,2015,-0.0056
79,2016,0.0084
79,2017,0.0123
79,2018,0.0173
79,2019,0.0238
79,2020,0.0118
79,2021,0.0021
79,2022,0.0036
79,2023,0.0465
79,2024,0.046
80,2014,0.0038
80,2015,0.0075
80,2016,0.0114
80,2017,0.0135
80,2018,0.0166
80,2019,0.0297
80,2020,0.0241
80,2021,0.0034
80,2022,0.0145
80,2023,0.0516
80,2024,0.0466
81,2014,0.0025
81,2015,0.0043
81,2016,0.0059
81,2017,0.0088
81,2018,0.0164
81,2019,0.0219
81,2020,0.0099
81,2021,0.0028
81,2022,0.0158
81,2023,0.0483
81,2024,0.0424
82,2014,
82,2015,-0.0098
82,2016,0.0264
82,2017,0.0191
82,2018,0.0222
82,2019,0.034
82,2020,0.0262
82,2021,0.0293
82,2022,0.0088
82,2023,0.0536
82,2024,-0.0797
83,2014,
83,2015,
83,2016,
83,2017,
83,2018,
83,2019,
83,2020,
83,2021,
83,2022,0.0094
83,2023,0.0089
83,2024,0.0405
84,2014,
84,2015,
84,2016,
84,2017,
84,2018,
84,2019,
84,2020,
84,2021,
84,2022,0.0092
84,2023,0.0448
84,2024,0.0396
85,2014,
85,2015,
85,2016,
85,2017,
85,2018,
85,2019,
85,2020,
85,2021,
85,2022,
85,2023,0.0422
85,2024,0.0395
86,2014,0.0057
86,2015,0.0052
86,2016,0.0124
86,2017,0.0165
86,2018,0.0216
86,2019,0.0311
86,2020,0.0173
86,2021,0.0065
86,2022,0.0138
86,2023,0.0482
86,2024,0.042
87,2014,0.0014
87,2015,0.0031
87,2016,0.0069
87,2017,0.0117
87,2018,0.0198
87,2019,0.025
87,2020,0.0116
87,2021,0.0041
87,2022,0.0149
87,2023,0.0479
87,2024,0.0418
88,2014,
88,2015,
88,2016,
88,2017,
88,2018,
88,2019,
88,2020,
88,2021,
88,2022,
88,2023,
88,2024,0.0497
89,2014,
89,2015,
89,2016,
89,2017,
89,2018,
89,2019,
89,2020,
89,2021,
89,2022,0.0489
89,2023,0.1345
89,2024,0.1005
90,2014,
90,2015,
90,2016,
90,2017,
90,2018,
90,2019,
90,2020,
90,2021,
90,2022,0.0484
90,2023,0.1325
90,2024,0.0987
91,2014,
91,2015,
91,2016,
91,2017,
91,2018,
91,2019,
91,2020,
91,2021,
91,2022,0.0494
91,2023,0.1368
91,2024,
92,2014,
92,2015,
92,2016,
92,2017,
92,2018,
92,2019,
92,2020,
92,2021,
92,2022,0.0092
92,2023,0.0459
92,2024,0.0436
93,2014,
93,2015,
93,2016,
93,2017,
93,2018,
93,2019,
93,2020,
93,2021,
93,2022,
93,2023,0.0039
93,2024,0.0431
94,2014,
94,2015,
94,2016,
94,2017,
94,2018,
94,2019,
94,2020,
94,2021,
94,2022,
94,2023,0.0441
94,2024,0.0447
95,2014,
95,2015,
95,2016,
95,2017,
95,2018,
95,2019,
95,2020,
95,2021,
95,2022,-0.0571
95,2023,0.0622
95,2024,0.0649
96,2014,
96,2015,
96,2016,
96,2017,
96,2018,
96,2019,
96,2020,
96,2021,
96,2022,-0.0584
96,2023,0.0606
96,2024,0.0622
97,2014,
97,2015,
97,2016,
97,2017,
97,2018,
97,2019,
97,2020,
97,2021,
97,2022,-0.0557
97,2023,0.0641
97,2024,
98,2014,
98,2015,
98,2016,
98,2017,
98,2018,
98,2019,0.0148
98,2020,0.0561
98,2021,-0.0377
98,2022,-0.0539
98,2023,0.1362
98,2024,0.0874
99,2014,
99,2015,
99,2016,
99,2017,
99,2018,
99,2019,
99,2020,
99,2021,
99,2022,
99,2023,0.0382
99,2024,0.0606
100,2014,
100,2015,
100,2016,
100,2017,
100,2018,
100,2019,0.0259
100,2020,0.048
100,2021,0.0488
100,2022,0.0549
100,2023,0.0676
100,2024,0.0531
101,2014,
101,2015,
101,2016,
101,2017,
101,2018,
101,2019,
101,2020,
101,2021,
101,2022,0.0236
101,2023,0.0625
101,2024,0.0516
102,2014,
102,2015,
102,2016,
102,2017,
102,2018,
102,2019,
102,2020,0.0048
102,2021,0.0418
102,2022,0.0673
102,2023,0.0829
102,2024,0.0656
103,2014,
103,2015,
103,2016,
103,2017,
103,2018,0.0039
103,2019,0.0656
103,2020,0.0617
103,2021,-0.0194
103,2022,-0.1174
103,2023,0.0447
103,2024,0.0265
104,2014,
104,2015,
104,2016,
104,2017,
104,2018,0.0025
104,2019,0.0635
104,2020,0.0604
104,2021,-0.0205
104,2022,-0.1184
104,2023,0.0435
104,2024,0.0255
105,2014,
105,2015,
105,2016,
105,2017,
105,2018,-0.0003
105,2019,0.0597
105,2020,0.0592
105,2021,-0.0217
105,2022,-0.1194
105,2023,0.0423
105,2024,0.0245
106,2014,
106,2015,
106,2016,
106,2017,
106,2018,
106,2019,
106,2020,
106,2021,-0.0003
106,2022,-0.1385
106,2023,0.0832
106,2024,0.0727
107,2014,
107,2015,
107,2016,
107,2017,
107,2018,
107,2019,
107,2020,
107,2021,-0.0005
107,2022,-0.1201
107,2023,0.1038
107,2024,0.0718
108,2014,
108,2015,-0.0282
108,2016,-0.0209
108,2017,0.0699
108,2018,-0.088
108,2019,0.1565
108,2020,0.1496
108,2021,0.1175
108,2022,-0.2028
108,2023,0.1405
108,2024,0.1134
109,2014,0.0024
109,2015,0.0061
109,2016,0.0071
109,2017,0.0141
109,2018,0.01
109,2019,0.0269
109,2020,0.0205
109,2021,
109,2022,
109,2023,
109,2024,
110,2014,
110,2015,
110,2016,
110,2017,
110,2018,
110,2019,
110,2020,
110,2021,
110,2022,0.0144
110,2023,0.0336
110,2024,0.0359
111,2014,
111,2015,
111,2016,
111,2017,
111,2018,
111,2019,
111,2020,
111,2021,
111,2022,0.0162
111,2023,0.0354
111,2024,0.0375
112,2014,0.0329
112,2015,0.0388
112,2016,0.0404
112,2017,0.0427
112,2018,0.0219
112,2019,0.0352
112,2020,
112,2021,
112,2022,
112,2023,
112,2024,
113,2014,
113,2015,
113,2016,
113,2017,
113,2018,
113,2019,
113,2020,
113,2021,-0.0101
113,2022,0.0026
113,2023,0.078
113,2024,0.0477
114,2014,
114,2015,
114,2016,
114,2017,
114,2018,
114,2019,
114,2020,
114,2021,-0.0089
114,2022,0.0038
114,2023,0.0792
114,2024,0.0488
115,2014,
115,2015,
115,2016,
115,2017,0.0007
115,2018,0.1158
115,2019,0.0688
115,2020,0.0592
115,2021,0.0217
115,2022,0.0282
115,2023,0.0504
115,2024,0.0352
116,2014,
116,2015,
116,2016,
116,2017,
116,2018,
116,2019,
116,2020,
116,2021,0.0998
116,2022,0.1022
116,2023,
116,2024,
117,2014,
117,2015,
117,2016,
117,2017,
117,2018,
117,2019,
117,2020,
117,2021,
117,2022,
117,2023,
117,2024,0.0447
118,2014,
118,2015,
118,2016,
118,2017,
118,2018,
118,2019,
118,2020,
118,2021,
118,2022,
118,2023,
118,2024,0.0489
119,2014,
119,2015,
119,2016,
119,2017,
119,2018,
119,2019,
119,2020,-0.0028
119,2021,0.0472
119,2022,-0.0881
119,2023,0.0829
119,2024,0.0878
120,2014,0.0304
120,2015,0.0337
120,2016,0.042
120,2017,0.0382
120,2018,0.0268
120,2019,0.0294
120,2020,0.0196
120,2021,0.0089
120,2022,0.0109
120,2023,-0.1296
120,2024,0.0524
121,2014,0.0026
121,2015,0.0048
121,2016,0.0099
121,2017,0.0146
121,2018,0.0157
121,2019,0.0289
121,2020,0.0135
121,2021,0.0094
121,2022,-0.0186
121,2023,-0.031
121,2024,0.0402
122,2014,0.0348
122,2015,0.0351
122,2016,0.0462
122,2017,0.0438
122,2018,0.0269
122,2019,0.0396
122,2020,0.0358
122,2021,-0.0054
122,2022,-0.0177
122,2023,-0.0619
122,2024,0.0388
123,2014,0.0116
123,2015,-0.0066
123,2016,0.017
123,2017,0.0228
123,2018,0.0037
123,2019,0.0494
123,2020,0.0528
123,2021,-0.0048
123,2022,-0.2472
123,2023,0.0339
123,2024,0.0284
124,2014,0.0438
124,2015,0.0265
124,2016,0.0418
124,2017,0.0608
124,2018,-0.0062
124,2019,0.0662
124,2020,0.0589
124,2021,-0.0062
124,2022,-0.3065
124,2023,-0.0023
124,2024,0.0136
125,2014,
125,2015,
125,2016,
125,2017,
125,2018,
125,2019,
125,2020,
125,2021,
125,2022,
125,2023,0.0057
125,2024,0.0424
126,2014,
126,2015,
126,2016,
126,2017,
126,2018,
126,2019,
126,2020,
126,2021,
126,2022,
126,2023,
126,2024,0.0365
127,2014,
127,2015,
127,2016,
127,2017,
127,2018,
127,2019,
127,2020,
127,2021,
127,2022,
127,2023,0.1371
127,2024,0.0171
128,2014,
128,2015,
128,2016,
128,2017,
128,2018,
128,2019,
128,2020,
128,2021,
128,2022,-0.0398
128,2023,0.1926
128,2024,-0.025
129,2014,
129,2015,
129,2016,
129,2017,
129,2018,
129,2019,
129,2020,
129,2021,
129,2022,
129,2023,
129,2024,0.0114
130,2014,
130,2015,
130,2016,
130,2017,
130,2018,
130,2019,
130,2020,
130,2021,
130,2022,
130,2023,0.1307
130,2024,0.0104
131,2014,
131,2015,
131,2016,
131,2017,
131,2018,
131,2019,
131,2020,
131,2021,
131,2022,
131,2023,
131,2024,0.0258
132,2014,
132,2015,
132,2016,
132,2017,
132,2018,
132,2019,
132,2020,
132,2021,
132,2022,
132,2023,0.0584
132,2024,-0.0047
133,2014,
133,2015,
133,2016,
133,2017,
133,2018,
133,2019,
133,2020,
133,2021,
133,2022,0.0491
133,2023,0.0841
133,2024,-0.0301
134,2014,
134,2015,
134,2016,
134,2017,
134,2018,
134,2019,
134,2020,
134,2021,
134,2022,0.0168
134,2023,0.1472
134,2024,-0.0291
135,2014,
135,2015,
135,2016,
135,2017,
135,2018,
135,2019,
135,2020,
135,2021,
135,2022,0.0404
135,2023,0.0205
135,2024,-0.0226
136,2014,
136,2015,
136,2016,
136,2017,
136,2018,
136,2019,
136,2020,
136,2021,
136,2022,
136,2023,
136,2024,-0.0387
137,2014,
137,2015,
137,2016,
137,2017,
137,2018,
137,2019,
137,2020,
137,2021,
137,2022,
137,2023,
137,2024,0.0564
138,2014,
138,2015,
138,2016,
138,2017,
138,2018,
138,2019,
138,2020,
138,2021,
138,2022,
138,2023,0.0033
138,2024,0.0481
139,2014,
139,2015,
139,2016,
139,2017,
139,2018,
139,2019,
139,2020,
139,2021,
139,2022,
139,2023,
139,2024,0.0316
140,2014,
140,2015,
140,2016,
140,2017,
140,2018,
140,2019,
140,2020,
140,2021,
140,2022,
140,2023,
140,2024,0.0121
141,2014,
141,2015,
141,2016,
141,2017,
141,2018,
141,2019,
141,2020,
141,2021,
141,2022,
141,2023,
141,2024,0.0032
142,2014,
142,2015,
142,2016,
142,2017,
142,2018,
142,2019,
142,2020,
142,2021,
142,2022,
142,2023,
142,2024,-0.8976
143,2014,
143,2015,
143,2016,
143,2017,
143,2018,
143,2019,
143,2020,
143,2021,
143,2022,-0.1222
143,2023,0.0312
143,2024,0.1132
144,2014,
144,2015,
144,2016,
144,2017,
144,2018,
144,2019,
144,2020,
144,2021,
144,2022,
144,2023,
144,2024,-0.0211
145,2014,
145,2015,
145,2016,
145,2017,
145,2018,
145,2019,
145,2020,
145,2021,
145,2022,
145,2023,
145,2024,-0.0214
146,2014,
146,2015,
146,2016,
146,2017,
146,2018,-0.0046
146,2019,0.1227
146,2020,0.0879
146,2021,-0.0218
146,2022,-0.1081
146,2023,0.0595
146,2024,0.0427
147,2014,
147,2015,
147,2016,0.0624
147,2017,0.0649
147,2018,-0.0483
147,2019,0.102
147,2020,0.0607
147,2021,0.0027
147,2022,-0.1388
147,2023,0.0579
147,2024,0.0426
148,2014,
148,2015,
148,2016,0.0748
148,2017,0.1531
148,2018,-0.1068
148,2019,0.1816
148,2020,0.1012
148,2021,0.0824
148,2022,-0.1779
148,2023,0.1175
148,2024,0.0906
149,2014,0.0221
149,2015,-0.0206
149,2016,0.0865
149,2017,0.0583
149,2018,-0.0454
149,2019,0.1042
149,2020,0.0619
149,2021,-0.0117
149,2022,-0.1555
149,2023,0.0555
149,2024,0.0378
150,2014,-0.0156
150,2015,-0.1771
150,2016,0.273
150,2017,0.1407
150,2018,-0.0384
150,2019,0.0381
150,2020,0.0291
150,2021,-0.0573
150,2022,-0.2027
150,2023,0.0662
150,2024,0.0888
151,2014,-0.1583
151,2015,-0.2855
151,2016,0.0593
151,2017,0.1436
151,2018,-0.1483
151,2019,0.1015
151,2020,-0.0586
151,2021,-0.0882
151,2022,-0.0187
151,2023,0.2669
151,2024,-0.1857
152,2014,
152,2015,
152,2016,
152,2017,0.1515
152,2018,-0.1548
152,2019,0.2103
152,2020,0.2473
152,2021,-0.0437
152,2022,-0.1841
152,2023,0.0039
152,2024,0.1072
153,2014,
153,2015,
153,2016,
153,2017,0.1122
153,2018,-0.0293
153,2019,0.2928
153,2020,0.2882
153,2021,0.1873
153,2022,-0.3016
153,2023,0.3441
153,2024,0.1654
154,2014,
154,2015,
154,2016,
154,2017,0.0042
154,2018,-0.1207
154,2019,0.364
154,2020,0.1404
154,2021,0.2902
154,2022,-0.2655
154,2023,0.2146
154,2024,0.0174
155,2014,
155,2015,
155,2016,
155,2017,
155,2018,-0.0309
155,2019,0.147
155,2020,0.0406
155,2021,0.0127
155,2022,-0.1028
155,2023,0.0709
155,2024,0.0733
156,2014,
156,2015,
156,2016,
156,2017,0.0144
156,2018,-0.0101
156,2019,0.0624
156,2020,0.0066
156,2021,0.0616
156,2022,-0.0382
156,2023,0.1029
156,2024,0.0501
157,2014,
157,2015,
157,2016,
157,2017,0.0397
157,2018,-0.0235
157,2019,0.1245
157,2020,0.0363
157,2021,0.0227
157,2022,-0.0862
157,2023,0.1006
157,2024,0.0524
158,2014,0.0193
158,2015,-0.0638
158,2016,-0.0017
158,2017,0.0894
158,2018,-0.0415
158,2019,0.0863
158,2020,0.0387
158,2021,0.0973
158,2022,-0.094
158,2023,0.1372
158,2024,0.1036
159,2014,-0.069
159,2015,-0.2186
159,2016,0.2272
159,2017,0.1234
159,2018,-0.086
159,2019,-0.0078
159,2020,0.0309
159,2021,0.0237
159,2022,-0.143
159,2023,0.0563
159,2024,0.0268
160,2014,-0.0425
160,2015,-0.1198
160,2016,0.0972
160,2017,0.0464
160,2018,-0.0519
160,2019,-0.0011
160,2020,0.0108
160,2021,-0.0039
160,2022,-0.0085
160,2023,0.0452
160,2024,0.0413
161,2014,
161,2015,
161,2016,
161,2017,
161,2018,
161,2019,
161,2020,0.0437
161,2021,0.1004
161,2022,-0.1451
161,2023,0.0823
161,2024,0.0499
162,2014,
162,2015,
162,2016,
162,2017,
162,2018,
162,2019,
162,2020,0.0447
162,2021,
162,2022,
162,2023,
162,2024,
163,2014,
163,2015,
163,2016,
163,2017,
163,2018,
163,2019,
163,2020,
163,2021,0.0591
163,2022,-0.3891
163,2023,0.3933
163,2024,0.2406
164,2014,
164,2015,
164,2016,
164,2017,
164,2018,-0.11
164,2019,0.2859
164,2020,0.2114
164,2021,0.1894
164,2022,-0.3187
164,2023,0.1938
164,2024,0.1256
165,2014,
165,2015,
165,2016,
165,2017,
165,2018,
165,2019,0.0523
165,2020,0.0535
165,2021,0.0158
165,2022,-0.0751
165,2023,0.0717
165,2024,0.0407
166,2014,
166,2015,
166,2016,
166,2017,
166,2018,
166,2019,
166,2020,
166,2021,0.0897
166,2022,-0.2744
166,2023,0.2148
166,2024,0.2088
167,2014,
167,2015,
167,2016,
167,2017,
167,2018,
167,2019,0.0584
167,2020,0.0248
167,2021,0.0144
167,2022,-0.0589
167,2023,0.0514
167,2024,0.0415
168,2014,
168,2015,
168,2016,
168,2017,
168,2018,
168,2019,
168,2020,
168,2021,
168,2022,
168,2023,
168,2024,0.0589
169,2014,
169,2015,
169,2016,
169,2017,
169,2018,
169,2019,
169,2020,
169,2021,-0.0123
169,2022,-0.3401
169,2023,-0.2229
169,2024,0.1068
170,2014,
170,2015,
170,2016,
170,2017,
170,2018,
170,2019,
170,2020,
170,2021,
170,2022,
170,2023,
170,2024,0.0269
171,2014,
171,2015,
171,2016,0.0821
171,2017,0.111
171,2018,-0.0816
171,2019,0.1531
171,2020,0.0902
171,2021,0.0513
171,2022,-0.1666
171,2023,0.0956
171,2024,0.072
172,2014,
172,2015,
172,2016,
172,2017,
172,2018,
172,2019,
172,2020,0.0879
172,2021,0.012
172,2022,-0.3575
172,2023,0.2915
172,2024,0.1236
173,2014,
173,2015,
173,2016,
173,2017,
173,2018,
173,2019,
173,2020,0.0505
173,2021,-0.0042
173,2022,-0.1241
173,2023,0.0752
173,2024,0.0236
174,2014,
174,2015,
174,2016,
174,2017,
174,2018,
174,2019,
174,2020,
174,2021,0.0215
174,2022,-0.2242
174,2023,0.078
174,2024,0.0908
175,2014,
175,2015,
175,2016,
175,2017,
175,2018,
175,2019,
175,2020,
175,2021,
175,2022,
175,2023,
175,2024,0.1335
176,2014,
176,2015,
176,2016,
176,2017,
176,2018,
176,2019,
176,2020,
176,2021,
176,2022,0.02
176,2023,0.0911
176,2024,0.0989
177,2014,
177,2015,
177,2016,
177,2017,
177,2018,
177,2019,
177,2020,
177,2021,
177,2022,0.0183
177,2023,0.0879
177,2024,0.0962
178,2014,
178,2015,
178,2016,
178,2017,
178,2018,
178,2019,
178,2020,
178,2021,
178,2022,0.0207
178,2023,0.0924
178,2024,0.1
179,2014,
179,2015,
179,2016,
179,2017,
179,2018,
179,2019,
179,2020,
179,2021,-0.023
179,2022,-0.1237
179,2023,0.0373
179,2024,0.0222
180,2014,
180,2015,
180,2016,
180,2017,
180,2018,
180,2019,
180,2020,0.4411
180,2021,-0.0271
180,2022,-0.3088
180,2023,0.2205
180,2024,0.0504
181,2014,
181,2015,
181,2016,
181,2017,
181,2018,
181,2019,
181,2020,
181,2021,0.1121
181,2022,-0.2128
181,2023,0.1617
181,2024,0.1183
182,2014,
182,2015,
182,2016,
182,2017,
182,2018,
182,2019,-0.0011
182,2020,0.0377
182,2021,-0.0069
182,2022,-0.0901
182,2023,0.0385
182,2024,0.0379
183,2014,
183,2015,
183,2016,
183,2017,
183,2018,
183,2019,
183,2020,
183,2021,
183,2022,-0.052
183,2023,0.2165
183,2024,0.1586
184,2014,
184,2015,
184,2016,
184,2017,
184,2018,
184,2019,
184,2020,
184,2021,0.0053
184,2022,0.0504
184,2023,0.0246
184,2024,0.0303
185,2014,
185,2015,
185,2016,
185,2017,
185,2018,
185,2019,
185,2020,
185,2021,
185,2022,
185,2023,
185,2024,0.0374
186,2014,
186,2015,
186,2016,
186,2017,
186,2018,
186,2019,
186,2020,
186,2021,
186,2022,
186,2023,
186,2024,0.0256
187,2014,
187,2015,
187,2016,
187,2017,
187,2018,
187,2019,
187,2020,
187,2021,
187,2022,
187,2023,
187,2024,0.0125
188,2014,
188,2015,
188,2016,
188,2017,
188,2018,
188,2019,
188,2020,
188,2021,
188,2022,
188,2023,
188,2024,0.0294
189,2014,
189,2015,
189,2016,
189,2017,
189,2018,
189,2019,
189,2020,
189,2021,
189,2022,
189,2023,
189,2024,0.0282
190,2014,
190,2015,
190,2016,
190,2017,
190,2018,
190,2019,
190,2020,
190,2021,
190,2022,
190,2023,
190,2024,0.0219
191,2014,
191,2015,
191,2016,
191,2017,
191,2018,
191,2019,
191,2020,
191,2021,
191,2022,
191,2023,
191,2024,0.0195
192,2014,
192,2015,
192,2016,
192,2017,
192,2018,
192,2019,
192,2020,
192,2021,
192,2022,
192,2023,
192,2024,0.0091
193,2014,
193,2015,
193,2016,
193,2017,
193,2018,
193,2019,
193,2020,
193,2021,
193,2022,
193,2023,
193,2024,0.0011
194,2014,
194,2015,
194,2016,
194,2017,
194,2018,
194,2019,
194,2020,
194,2021,
194,2022,
194,2023,
194,2024,0.0288
195,2014,
195,2015,
195,2016,
195,2017,
195,2018,
195,2019,
195,2020,
195,2021,
195,2022,
195,2023,
195,2024,0.0288
196,2014,
196,2015,
196,2016,
196,2017,
196,2018,
196,2019,
196,2020,
196,2021,
196,2022,0.0046
196,2023,0.047
196,2024,0.0421
197,2014,0.0234
197,2015,0.0065
197,2016,0.0318
197,2017,0.0285
197,2018,0.0131
197,2019,0.0777
197,2020,0.0768
197,2021,-0.0134
197,2022,-0.0108
197,2023,0.0422
197,2024,0.0298
198,2014,
198,2015,
198,2016,
198,2017,
198,2018,
198,2019,
198,2020,
198,2021,
198,2022,
198,2023,0.0813
198,2024,0.2208
199,2014,-0.1235
199,2015,-0.3969
199,2016,0.51
199,2017,0.231
199,2018,-0.1158
199,2019,0.2226
199,2020,0.0923
199,2021,0.0676
199,2022,-0.2334
199,2023,0.1328
199,2024,0.0725
200,2014,
200,2015,
200,2016,
200,2017,
200,2018,
200,2019,
200,2020,
200,2021,
200,2022,-0.1405
200,2023,0.0653
200,2024,0.046
201,2014,
201,2015,
201,2016,
201,2017,
201,2018,-0.002
201,2019,0.0489
201,2020,0.0703
201,2021,0.0072
201,2022,-0.0873
201,2023,0.0715
201,2024,0.0385
202,2014,
202,2015,
202,2016,
202,2017,
202,2018,
202,2019,
202,2020,
202,2021,0.0074
202,2022,-0.117
202,2023,0.1227
202,2024,0.0548
203,2014,-0.0032
203,2015,-0.0814
203,2016,0.1385
203,2017,0.0757
203,2018,-0.0296
203,2019,0.0412
203,2020,0.0013
203,2021,0.0097
203,2022,-0.0429
203,2023,0.0664
203,2024,0.0375
204,2014,-0.1755
204,2015,-0.1957
204,2016,0.0232
204,2017,0.124
204,2018,-0.1494
204,2019,0.0924
204,2020,-0.0637
204,2021,0.0125
204,2022,-0.1119
204,2023,0.0888
204,2024,0.0621
205,2014,-0.0775
205,2015,-0.3143
205,2016,0.4919
205,2017,0.2119
205,2018,-0.1375
205,2019,0.0043
205,2020,-0.0483
205,2021,0.1156
205,2022,-0.0968
205,2023,0.1077
205,2024,0.0618
206,2014,
206,2015,
206,2016,
206,2017,
206,2018,
206,2019,
206,2020,
206,2021,0.0193
206,2022,-0.0836
206,2023,0.0734
206,2024,0.0505
207,2014,-0.0215
207,2015,-0.1628
207,2016,0.2597
207,2017,0.1177
207,2018,-0.0692
207,2019,0.0424
207,2020,-0.0087
207,2021,0.045
207,2022,-0.0717
207,2023,0.0875
207,2024,0.0461
208,2014,
208,2015,
208,2016,
208,2017,
208,2018,
208,2019,
208,2020,
208,2021,
208,2022,
208,2023,0.0735
208,2024,-0.1556
209,2014,
209,2015,
209,2016,
209,2017,
209,2018,
209,2019,
209,2020,
209,2021,
209,2022,0.0124
209,2023,0.0635
209,2024,0.0362
210,2014,
210,2015,
210,2016,
210,2017,
210,2018,
210,2019,
210,2020,
210,2021,0.0427
210,2022,0.0214
210,2023,0.023
210,2024,0.0308
211,2014,
211,2015,
211,2016,
211,2017,
211,2018,
211,2019,
211,2020,
211,2021,0.0427
211,2022,0.0214
211,2023,0.023
211,2024,0.0308
212,2014,0.0277
212,2015,-0.0638
212,2016,0.1288
212,2017,0.0983
212,2018,-0.0434
212,2019,0.1331
212,2020,0.0227
212,2021,-0.0013
212,2022,-0.0928
212,2023,0.0594
212,2024,0.0901
213,2014,
213,2015,
213,2016,
213,2017,0.0072
213,2018,-0.0309
213,2019,0.2572
213,2020,0.1119
213,2021,0.1929
213,2022,-0.1717
213,2023,0.144
213,2024,0.0796
214,2014,
214,2015,
214,2016,
214,2017,
214,2018,
214,2019,
214,2020,
214,2021,0.0183
214,2022,-0.128
214,2023,0.1511
214,2024,0.1553
215,2014,
215,2015,
215,2016,
215,2017,
215,2018,
215,2019,
215,2020,
215,2021,
215,2022,
215,2023,0.0132
215,2024,0.0023
216,2014,
216,2015,
216,2016,
216,2017,
216,2018,
216,2019,
216,2020,
216,2021,
216,2022,
216,2023,0.0189
216,2024,0.0092
217,2014,
217,2015,
217,2016,
217,2017,
217,2018,
217,2019,
217,2020,
217,2021,
217,2022,
217,2023,0.0797
217,2024,0.143
218,2014,
218,2015,
218,2016,
218,2017,
218,2018,
218,2019,
218,2020,
218,2021,
218,2022,
218,2023,0.0877
218,2024,0.1532
219,2014,
219,2015,
219,2016,
219,2017,
219,2018,
219,2019,
219,2020,
219,2021,
219,2022,
219,2023,0.0473
219,2024,0.0436
220,2014,
220,2015,
220,2016,
220,2017,
220,2018,-0.1684
220,2019,0.2057
220,2020,0.0873
220,2021,0.0829
220,2022,-0.2674
220,2023,0.2338
220,2024,0.0493
221,2014,0.0228
221,2015,0.0277
221,2016,0.0328
221,2017,0.2565
221,2018,-0.0475
221,2019,0.1987
221,2020,0.1265
221,2021,0.2695
221,2022,-0.2852
221,2023,0.3052
221,2024,0.2
222,2014,
222,2015,
222,2016,
222,2017,
222,2018,-0.0173
222,2019,0.096
222,2020,0.0091
222,2021,0.0172
222,2022,-0.1286
222,2023,0.0999
222,2024,0.0447
223,2014,
223,2015,
223,2016,
223,2017,
223,2018,0.0005
223,2019,0.075
223,2020,0.0298
223,2021,-0.037
223,2022,-0.1308
223,2023,0.0572
223,2024,0.0356
224,2014,-0.1775
224,2015,-0.3708
224,2016,0.2347
224,2017,0.2462
224,2018,-0.1933
224,2019,0.0579
224,2020,-0.1362
224,2021,-0.0097
224,2022,-0.3307
224,2023,0.0629
224,2024,0.0543
225,2014,
225,2015,
225,2016,
225,2017,
225,2018,
225,2019,
225,2020,0.0104
225,2021,-0.0538
225,2022,-0.187
225,2023,0.0343
225,2024,0.0222
226,2014,
226,2015,
226,2016,
226,2017,
226,2018,
226,2019,
226,2020,0.0585
226,2021,-0.0233
226,2022,-0.1167
226,2023,0.0315
226,2024,-0.0014
227,2014,
227,2015,
227,2016,
227,2017,
227,2018,
227,2019,
227,2020,
227,2021,0.0489
227,2022,-0.2236
227,2023,0.143
227,2024,0.1736
228,2014,0.0867
228,2015,-0.0039
228,2016,0.0867
228,2017,0.1765
228,2018,-0.0723
228,2019,0.2678
228,2020,0.1781
228,2021,0.1929
228,2022,-0.1909
228,2023,0.2341
228,2024,0.1976
229,2014,
229,2015,
229,2016,
229,2017,
229,2018,-0.107
229,2019,0.2325
229,2020,0.129
229,2021,0.1377
229,2022,-0.2098
229,2023,0.1976
229,2024,0.1391
230,2014,
230,2015,
230,2016,
230,2017,
230,2018,-0.0617
230,2019,0.0816
230,2020,0.037
230,2021,-0.0117
230,2022,-0.0782
230,2023,0.0583
230,2024,0.0341
231,2014,
231,2015,
231,2016,
231,2017,
231,2018,-0.0733
231,2019,0.0713
231,2020,0.002
231,2021,-0.0433
231,2022,-0.1094
231,2023,0.0189
231,2024,0.0094
232,2014,0.0321
232,2015,0.0823
232,2016,0.0074
232,2017,0.0707
232,2018,0.014
232,2019,0.0632
232,2020,0.1127
232,2021,0.0105
232,2022,-0.1345
232,2023,0.0406
232,2024,0.0516
233,2014,0.0346
233,2015,0.0849
233,2016,0.0098
233,2017,0.0733
233,2018,0.0164
233,2019,0.0657
233,2020,0.1153
233,2021,0.0129
233,2022,-0.1325
233,2023,0.0431
233,2024,0.0537
234,2014,0.0069
234,2015,0.0572
234,2016,-0.001
234,2017,0.1022
234,2018,-0.025
234,2019,0.0798
234,2020,0.1253
234,2021,0.0156
234,2022,-0.1228
234,2023,0.0558
234,2024,0.0717
235,2014,0.0092
235,2015,0.0597
235,2016,-0.0014
235,2017,0.1048
235,2018,-0.0227
235,2019,0.0824
235,2020,0.1279
235,2021,0.018
235,2022,-0.1207
235,2023,0.0583
235,2024,0.0739
236,2014,
236,2015,
236,2016,
236,2017,
236,2018,
236,2019,
236,2020,
236,2021,
236,2022,0.0023
236,2023,0.0
236,2024,0.0067
237,2014,
237,2015,
237,2016,
237,2017,
237,2018,0.005
237,2019,0.0366
237,2020,0.0479
237,2021,0.1873
237,2022,0.0551
237,2023,-0.1216
237,2024,-0.0742
238,2014,
238,2015,
238,2016,-0.0071
238,2017,0.0879
238,2018,-0.0563
238,2019,0.1241
238,2020,0.0769
238,2021,0.0056
238,2022,-0.1232
238,2023,0.1079
238,2024,0.0718
239,2014,
239,2015,
239,2016,-0.0064
239,2017,0.0908
239,2018,-0.0541
239,2019,0.1267
239,2020,0.0795
239,2021,0.008
239,2022,-0.1211
239,2023,0.1105
239,2024,0.0739
240,2014,
240,2015,
240,2016,
240,2017,
240,2018,
240,2019,
240,2020,
240,2021,0.0437
240,2022,-0.1471
240,2023,-0.0185
240,2024,0.0844
241,2014,0.0017
241,2015,0.0056
241,2016,0.0067
241,2017,0.0105
241,2018,0.0176
241,2019,0.023
241,2020,0.0139
241,2021,0.0059
241,2022,0.0091
241,2023,0.0057
241,2024,0.0352
242,2014,
242,2015,
242,2016,
242,2017,
242,2018,
242,2019,
242,2020,
242,2021,
242,2022,
242,2023,0.0024
242,2024,0.0576
243,2014,
243,2015,
243,2016,
243,2017,
243,2018,
243,2019,
243,2020,
243,2021,
243,2022,
243,2023,
243,2024,0.0385
244,2014,
244,2015,
244,2016,
244,2017,
244,2018,
244,2019,
244,2020,
244,2021,
244,2022,
244,2023,
244,2024,0.0121
245,2014,
245,2015,
245,2016,
245,2017,
245,2018,
245,2019,
245,2020,
245,2021,
245,2022,
245,2023,
245,2024,0.0039
246,2014,
246,2015,
246,2016,
246,2017,
246,2018,
246,2019,
246,2020,
246,2021,
246,2022,
246,2023,0.0
246,2024,0.0447
247,2014,
247,2015,
247,2016,
247,2017,
247,2018,
247,2019,
247,2020,
247,2021,
247,2022,
247,2023,
247,2024,0.0312
248,2014,
248,2015,
248,2016,
248,2017,
248,2018,
248,2019,
248,2020,
248,2021,
248,2022,
248,2023,
248,2024,0.0253
249,2014,
249,2015,
249,2016,
249,2017,
249,2018,
249,2019,
249,2020,
249,2021,
249,2022,
249,2023,
249,2024,0.019
250,2014,
250,2015,
250,2016,
250,2017,
250,2018,
250,2019,
250,2020,
250,2021,
250,2022,
250,2023,
250,2024,-0.0015
251,2014,
251,2015,
251,2016,
251,2017,
251,2018,
251,2019,
251,2020,
251,2021,
251,2022,
251,2023,0.004
251,2024,0.0463
252,2014,
252,2015,
252,2016,
252,2017,
252,2018,
252,2019,
252,2020,
252,2021,
252,2022,
252,2023,
252,2024,0.0288
253,2014,
253,2015,
253,2016,
253,2017,
253,2018,
253,2019,
253,2020,
253,2021,
253,2022,-0.0105
253,2023,0.0599
253,2024,0.0496
254,2014,
254,2015,
254,2016,
254,2017,
254,2018,
254,2019,0.1111
254,2020,0.0484
254,2021,0.0034
254,2022,-0.0884
254,2023,0.0655
254,2024,0.0949
255,2014,
255,2015,
255,2016,
255,2017,-0.0129
255,2018,-0.0359
255,2019,0.0622
255,2020,0.0285
255,2021,-0.0481
255,2022,-0.1299
255,2023,0.0519
255,2024,0.0479
256,2014,
256,2015,0.0018
256,2016,0.0062
256,2017,0.0094
256,2018,0.0171
256,2019,0.0213
256,2020,0.0099
256,2021,0.0041
256,2022,0.0145
256,2023,0.0428
256,2024,
257,2014,
257,2015,
257,2016,
257,2017,
257,2018,
257,2019,
257,2020,
257,2021,
257,2022,
257,2023,0.0027
257,2024,0.0433
258,2014,
258,2015,0.0189
258,2016,0.0383
258,2017,0.0358
258,2018,0.0267
258,2019,0.0273
258,2020,
258,2021,
258,2022,
258,2023,
258,2024,
259,2014,
259,2015,
259,2016,
259,2017,
259,2018,
259,2019,
259,2020,
259,2021,0.0052
259,2022,0.0395
259,2023,0.0639
259,2024,0.043
260,2014,
260,2015,
260,2016,
260,2017,
260,2018,
260,2019,
260,2020,
260,2021,0.0064
260,2022,0.0407
260,2023,0.0654
260,2024,0.0446
261,2014,
261,2015,
261,2016,
261,2017,
261,2018,
261,2019,
261,2020,
261,2021,
261,2022,
261,2023,0.0473
261,2024,0.0305
262,2014,
262,2015,
262,2016,
262,2017,
262,2018,
262,2019,
262,2020,
262,2021,
262,2022,
262,2023,
262,2024,0.0239
263,2014,
263,2015,
263,2016,
263,2017,
263,2018,
263,2019,
263,2020,
263,2021,-0.1739
263,2022,0.0086
263,2023,0.2915
263,2024,0.1377
