Tipo Fondo,Fondo Mutuo,Administradora,Fec. Inicio Operación,Moneda Cuota,Valor Cuota,Rentabilidad 2024,Rentabilidad 2023,Rentabilidad 2022,Rentabilidad 2021,Rentabilidad 2020,Rentabilidad 2019,Rentabilidad 2018,Rentabilidad 2017,Rentabilidad 2016,Rentabilidad 2015,Rentabilidad 2014,Patrimonio S/.,Partícipes N,Años,Categoria,Fund id,Highest Return,Lowest Return,Avg Return (Arithmetic),Standard Deviation of Returns,Total Cumulative Return,Cumulative Return Period,Annualized Cumulative Return,CAGR,Sharpe Ratio,Risk
Renta Variable,CREDICORP ACCIONES GLOBAL,CREDIFONDO SAF,25/03/2013,$,180.92,0.0967,0.1656,-0.2041,0.1397,0.1303,0.2313,-0.1154,0.2009,0.0315,-0.0556,-0.0042,23652842.51,894.0,11,Renta Variable,1,0.2313,-0.2041,0.0587333333333333,0.1320151869898292,0.6630111260617884,10.5,0.0631439167677893,0.0496333806960511,0.2244694824265497,Medium
Renta Variable,CREDICORP CAPITAL ACCIONES,CREDIFONDO SAF,17/01/2007,$,166.16,0.106,0.228,0.0215,-0.0644,-0.0588,0.0563,-0.1253,0.2724,0.5416,-0.4038,-0.116,43751750.38,564.0,17,Renta Variable,2,0.5416,-0.4038,0.0435714285714285,0.2364923400878401,0.1669439627220282,10.5,0.0158994250211455,0.014812281291876,-0.0219360961382388,High
Renta Variable,-Faro Global Innovation Instit. SERIE A,FARO CAPITAL SAFI,27/01/2020,$,93.67,0.0684,0.2314,-0.3026,-0.1966,,,,,,,,,1.0,4,Renta Variable,3,0.2314,-0.3026,-0.0569714285714285,0.2113679309755809,-0.2628653962213982,3.5,-0.0751043989203995,-0.0834498595557831,-0.4894302512131536,High
Renta Variable,-Faro Global Innovation Instit. SERIE B,FARO CAPITAL SAFI,27/01/2020,$,126.75,0.0671,0.2285,-0.3043,-0.0248,,,,,,,,,4.0,4,Renta Variable,4,0.2285,-0.3043,-0.0095714285714285,0.1934252783798605,-0.1106023518751962,3.5,-0.0316006719643417,-0.0329342701952013,-0.2736677989484175,Medium High
Renta Variable,-Faro Global Innovation Instit. SERIE C,FARO CAPITAL SAFI,27/01/2020,$,125.42,0.0658,0.2256,-0.3059,-0.0271,0.4255,,,,,,,,25.0,4,Renta Variable,5,0.4255,-0.3059,0.0853111111111111,0.2455493951464554,0.2574245568231441,4.5,0.0572054570718098,0.0522213201735461,0.1312213379891573,High
Renta Variable,-FARO RENTA VARIABLE GLOBAL SERIE A,FARO CAPITAL SAFI,29/05/2018,$,147.85,0.0925,0.1724,-0.206,0.1192,0.2443,0.1666,-0.1108,,,,,,3.0,6,Renta Variable,6,0.2443,-0.206,0.0735692307692307,0.1522041625600026,0.4691697799800443,6.5,0.072179966150776,0.0609706805865033,0.2691823922381339,Medium High
Renta Variable,-FARO RENTA VARIABLE GLOBAL SERIE B,FARO CAPITAL SAFI,29/05/2018,$,145.26,0.0912,0.1697,-0.208,0.1165,0.2414,0.1618,-0.1133,,,,,,8.0,6,Renta Variable,7,0.2414,-0.208,0.0706615384615384,0.1517909991183794,0.4433862967624066,6.5,0.0682132764249856,0.0580846076639043,0.250901620551313,Medium High
Renta Variable,-FARO RENTA VARIABLE GLOBAL SERIE C,FARO CAPITAL SAFI,29/05/2018,$,141.09,0.0886,0.1642,-0.2117,0.1113,0.2356,0.156,-0.1158,,,,,,44.0,6,Renta Variable,8,0.2356,-0.2117,0.065876923076923,0.1508218277284742,0.4021840095403544,6.5,0.0618744630062083,0.0533807708370202,0.221325860717693,Medium High
Renta Variable,IF ACCIONES,INTERFONDO,19/01/2007,S/.,108.08,0.0767,0.1398,-0.0743,0.075,0.0031,-0.0132,-0.0914,0.2204,0.4764,-0.3053,-0.075,11369090.21,1260.0,17,Renta Variable,9,0.4764,-0.3053,0.0411619047619047,0.1912954440277985,0.2717257484837334,10.5,0.0258786427127365,0.0231568936545172,0.0165027121819925,Medium High
Renta Variable,Promoinvest Fondo Selectivo,PROMOINVEST SAF,14/01/1999,$,3.19,0.0714,0.0595,-0.0381,0.03,-0.1799,-0.0352,-0.1698,0.2781,0.7177,-0.5004,-0.1759,5020514.18,465.0,25,Renta Variable,10,0.7177,-0.5004,0.0054666666666666,0.2933970216672833,-0.3322389512091455,10.5,-0.0316418048770614,-0.0377293360769095,-0.1967618340119876,High
Renta Variable,SCOTIA FONDO ACCIONES,SCOTIA FONDOS,04/02/2008,S/.,10.89,0.1232,0.1729,-0.0373,-0.0551,0.0045,-0.0032,-0.1278,0.0711,0.4648,-0.348,-0.0725,3608854.69,206.0,16,Renta Variable,11,0.4648,-0.348,0.0183428571428571,0.1930504352184511,-0.0070238458729289,10.5,-0.0006689377021837,-0.000671072748565,-0.1070760225180231,Medium High
Renta Variable,SURA ACCIONES,FONDOS SURA SAF,22/01/2007,S/.,15.86,0.0959,0.202,-0.0726,0.0576,0.0648,0.0142,-0.0982,0.2643,0.5058,-0.3078,-0.0779,16161926.13,670.0,17,Renta Variable,12,0.5058,-0.3078,0.0617238095238095,0.2047242809640421,0.5289484946338735,10.5,0.0503760471079879,0.0412648888396596,0.1038708683675611,High
Corto Plazo Soles,-Prudential Corto Plazo S/. SERIE A,PRUDENTIALSAF SAF,04/04/2024,S/.,10.49,0.0125,,,,,,,,,,,,102.0,0,Renta Fija,13,0.0125,0.0125,0.025,,0.0125,0.5,0.025,0.0251562499999999,,
Corto Plazo Soles,-Prudential Corto Plazo S/. SERIE B,PRUDENTIALSAF SAF,04/04/2024,S/.,10.39,0.0125,,,,,,,,,,,,4.0,0,Renta Fija,14,0.0125,0.0125,0.025,,0.0125,0.5,0.025,0.0251562499999999,,
Corto Plazo Dólares,-Andean Crown Cash Plus $ SERIE A,ANDEAN CROWN SAF S.A.C.,04/12/2024,$,10.15,0.0097,,,,,,,,,,,,35.0,0,Renta Fija,15,0.0097,0.0097,0.0194,,0.0096999999999999,0.5,0.0193999999999999,0.01949409,,
Corto Plazo Dólares,-Andean Crown Cash Plus $ SERIE B,ANDEAN CROWN SAF S.A.C.,04/12/2024,$,10.16,0.0104,,,,,,,,,,,,2.0,0,Renta Fija,16,0.0104,0.0104,0.0208,,0.0103999999999999,0.5,0.0207999999999998,0.0209081599999998,,
Estructurado,BTG Rendimiento $ 1 FMIV,BTG PACTUAL PERU SAF,28/12/2023,$,104.58,0.0277,-0.0019,,,,,,,,,,1820826.31,17.0,1,Estructurado,17,0.0277,-0.0019,0.0172,0.0154120083052144,0.0257473700000001,1.5,0.0171649133333334,0.0170920852197691,-0.1886785111092247,Low
Estructurado,CC BARRERA CONDICIONAL XIII,CREDIFONDO SAF,15/06/2022,$,107.27,-0.0149,0.0037,0.0846,,,,,,,,,19894485.92,147.0,2,Estructurado,18,0.0846,-0.0149,0.0293599999999999,0.043469685989204,0.072392686002,2.5,0.0289570744008,0.0283513850273877,0.1921197459181529,Low
Estructurado,CC CUPON ESCALONADO LI,CREDIFONDO SAF,23/01/2024,$,102.18,0.02,,,,,,,,,,,55661076.93,214.0,0,Estructurado,19,0.02,0.02,0.04,,0.02,0.5,0.04,0.0403999999999999,,
Estructurado,CC CUPON ESCALONADO LII,CREDIFONDO SAF,23/01/2024,$,103.64,0.0346,,,,,,,,,,,88997312.26,273.0,0,Estructurado,20,0.0346,0.0346,0.0692,,0.0345999999999999,0.5,0.0691999999999998,0.0703971599999999,,
Estructurado,CC CUPON ESCALONADO LIV,CREDIFONDO SAF,26/02/2024,$,101.85,0.0153,,,,,,,,,,,61849690.55,189.0,0,Estructurado,21,0.0153,0.0153,0.0306,,0.0153000000000001,0.5,0.0306000000000003,0.0308340900000001,,
Estructurado,CC CUPON ESCALONADO LIX,CREDIFONDO SAF,05/02/2024,$,100.98,0.0073,,,,,,,,,,,135212406.55,364.0,0,Estructurado,22,0.0073,0.0073,0.0146,,0.0073,0.5,0.0146,0.0146532900000002,,
Estructurado,CC CUPON ESCALONADO LV,CREDIFONDO SAF,26/02/2024,$,101.63,0.0132,,,,,,,,,,,74719464.96,245.0,0,Estructurado,23,0.0132,0.0132,0.0264,,0.0132,0.5,0.0264000000000001,0.0265742400000001,,
Estructurado,CC CUPON ESCALONADO LVI,CREDIFONDO SAF,04/02/2024,$,101.45,0.0112,,,,,,,,,,,355881284.29,1130.0,0,Estructurado,24,0.0112,0.0112,0.0224,,0.0112,0.5,0.0224,0.0225254400000001,,
Estructurado,CC CUPON ESCALONADO LVII,CREDIFONDO SAF,04/02/2024,$,101.36,0.0104,,,,,,,,,,,66742367.48,224.0,0,Estructurado,25,0.0104,0.0104,0.0208,,0.0103999999999999,0.5,0.0207999999999998,0.0209081599999998,,
Estructurado,CC CUPON ESCALONADO LVIII,CREDIFONDO SAF,04/02/2024,$,102.01,0.0171,,,,,,,,,,,95406275.13,379.0,0,Estructurado,26,0.0171,0.0171,0.0342,,0.0170999999999999,0.5,0.0341999999999998,0.0344924099999996,,
Estructurado,CC CUPON ESCALONADO LX,CREDIFONDO SAF,05/02/2024,$,100.96,0.0072,,,,,,,,,,,30587685.33,115.0,0,Estructurado,27,0.0072,0.0072,0.0144,,0.0072000000000001,0.5,0.0144000000000002,0.0144518400000002,,
Estructurado,CC CUPON ESCALONADO LXI,CREDIFONDO SAF,05/02/2024,$,101.29,0.01,,,,,,,,,,,66128304.0,207.0,0,Estructurado,28,0.01,0.01,0.02,,0.01,0.5,0.02,0.0201,,
Estructurado,CC CUPON ESCALONADO LXII,CREDIFONDO SAF,13/06/2024,$,100.66,0.0019,,,,,,,,,,,129796442.5,390.0,0,Estructurado,29,0.0019,0.0019,0.0038,,0.0018999999999999,0.5,0.0037999999999999,0.00380361,,
Estructurado,CC CUPON ESCALONADO LXIII,CREDIFONDO SAF,13/06/2024,$,100.65,0.0017,,,,,,,,,,,37038407.09,158.0,0,Estructurado,30,0.0017,0.0017,0.0034,,0.0017,0.5,0.0034,0.00340289,,
Estructurado,CC CUPON ESCALONADO LXIV,CREDIFONDO SAF,13/06/2024,$,100.7,0.0022,,,,,,,,,,,90101704.17,335.0,0,Estructurado,31,0.0022,0.0022,0.0044,,0.0021999999999999,0.5,0.0043999999999999,0.0044048399999998,,
Estructurado,CC CUPON ESCALONADO XL,CREDIFONDO SAF,09/07/2023,$,103.84,0.0228,0.0153,,,,,,,,,,59736699.42,226.0,1,Estructurado,32,0.0228,0.0153,0.0254,0.0073746186342074,0.03844884,1.5,0.02563256,0.025471048468403,0.741875443297557,Low
Estructurado,CC CUPON ESCALONADO XLIII,CREDIFONDO SAF,10/06/2023,$,103.89,0.0203,0.0163,,,,,,,,,,49513048.95,176.0,1,Estructurado,33,0.0203,0.0163,0.0243999999999999,0.0064195015382816,0.03693089,1.5,0.0246205933333333,0.0244714850208098,0.6965470752121369,Low
Estructurado,CC CUPON ESCALONADO XLIX,CREDIFONDO SAF,27/12/2023,$,102.54,0.0225,0.0006,,,,,,,,,,113085083.57,399.0,1,Estructurado,34,0.0225,0.0006,0.0153999999999999,0.011607109890063,0.0231134999999999,1.5,0.0154089999999999,0.015350242361301,-0.4005956420451991,Low
Estructurado,CC CUPON ESCALONADO XLVI,CREDIFONDO SAF,16/11/2023,$,103.15,0.0228,0.0086,,,,,,,,,,158262440.38,523.0,1,Estructurado,35,0.0228,0.0086,0.0209333333333333,0.0088203048574172,0.0315960799999999,1.5,0.0210640533333332,0.0209546592963396,0.1082342744125067,Low
Estructurado,CC CUPON ESCALONADO XLVIII,CREDIFONDO SAF,22/12/2023,$,102.49,0.0227,0.0001,,,,,,,,,,54893114.88,210.0,1,Estructurado,36,0.0227,0.0001,0.0152,0.011921828718783,0.0228022699999999,1.5,0.0152015133333333,0.0151443196364571,-0.4072932498931702,Low
Estructurado,CC CUPON ESCALONADO XXXII,CREDIFONDO SAF,29/05/2023,$,105.12,,0.0272,,,,,,,,,,-0.03,1.0,1,Estructurado,37,0.0272,0.0272,0.0272,,0.0271999999999998,1.0,0.0271999999999998,0.0271999999999998,,
Estructurado,CC CUPON ESCALONADO XXXVI,CREDIFONDO SAF,17/08/2023,$,104.41,0.0245,0.0177,,,,,,,,,,53988606.92,219.0,1,Estructurado,38,0.0245,0.0177,0.0281333333333333,0.0078120277635053,0.04263365,1.5,0.0284224333333333,0.0282242088794992,1.05276237213589,Low
Estructurado,IF 34 Custodia Dolares FMIV,INTERFONDO,26/06/2023,$,52.56,,0.0234,,,,,,,,,,-34.12,356.0,1,Estructurado,39,0.0234,0.0234,0.0234,,0.0234,1.0,0.0234,0.0234,,
Estructurado,IF 35 Custodia Dólares FMIV,INTERFONDO,27/11/2023,$,51.67,0.0231,0.0071,,,,,,,,,,71394925.06,395.0,1,Estructurado,40,0.0231,0.0071,0.0201333333333333,0.0094516900311237,0.0303640099999999,1.5,0.0202426733333333,0.0201415903351604,0.0149804251614525,Low
Estructurado,IF 36 Custodio Dólares FMIV,INTERFONDO,21/12/2023,$,51.39,0.022,0.0028,,,,,,,,,,59557710.3,320.0,1,Estructurado,41,0.022,0.0028,0.0165333333333333,0.0104520067185418,0.0248615999999998,1.5,0.0165743999999998,0.016506470350833,-0.3342448721324867,Low
Estructurado,IF 37 Custodia Dólares FMIV,INTERFONDO,23/01/2024,$,51.05,0.0172,,,,,,,,,,,49346705.56,382.0,0,Estructurado,42,0.0172,0.0172,0.0344,,0.0172000000000001,0.5,0.0344000000000002,0.0346958400000001,,
Estructurado,IF 38 Custodia Dólares,INTERFONDO,26/02/2024,$,50.66,0.011,,,,,,,,,,,55363036.82,336.0,0,Estructurado,43,0.011,0.011,0.022,,0.0109999999999999,0.5,0.0219999999999998,0.0221209999999998,,
Estructurado,IF 39 Custodia Dólares,INTERFONDO,27/06/2024,$,50.14,0.0002,,,,,,,,,,,70962943.98,418.0,0,Estructurado,44,0.0002,0.0002,0.0004,,0.0001999999999999,0.5,0.0003999999999999,0.0004000399999999,,
Estructurado,SF Inversiones Smart $ I,SCOTIA FONDOS,06/06/2024,$,100.6,0.0024,,,,,,,,,,,92858016.84,301.0,0,Estructurado,45,0.0024,0.0024,0.0048,,0.0023999999999999,0.5,0.0047999999999998,0.0048057599999999,,
Estructurado,SF Rendimiento Binario $ XI,SCOTIA FONDOS,09/01/2022,$,104.52,0.0181,0.0289,-0.0052,,,,,,,,,66885621.22,238.0,2,Estructurado,46,0.0289,-0.0052,0.01672,0.0144999218388698,0.0420759699319999,2.5,0.0168303879728,0.0166225823530334,-0.2329266105361134,Low
Renta Mixta Crecimiento Soles,CRED. CRECIMIENTO VCS,CREDIFONDO SAF,19/06/2008,S/.,161.29,0.1046,0.1561,-0.007,0.0144,0.0319,0.039,-0.0641,0.1833,0.3873,-0.2569,-0.0369,28881277.77,543.0,16,Renta Mixta,47,0.3873,-0.2569,0.0525428571428571,0.1553775553092452,0.5164406976961269,10.5,0.049184828352012,0.0404506111862423,0.1316188245177361,Medium High
Renta Mixta Balanceado Dólares,CRED. EQUILIBRADO,CREDIFONDO SAF,03/09/2007,$,142.97,0.0553,0.1281,-0.0036,-0.0317,-0.0131,0.0576,-0.0723,0.1401,0.2536,-0.2343,-0.0592,20440564.99,337.0,17,Renta Mixta,48,0.2536,-0.2343,0.021,0.1232640587593082,0.1450573024587518,10.5,0.0138149811865477,0.0129840155910876,-0.0569183302864636,Medium
Renta Mixta Balanceado Dólares,IF MIXTO BALANCEADO,INTERFONDO,31/12/1995,$,67.19,0.0418,0.1257,-0.0022,-0.0388,-0.0322,0.0162,-0.0673,0.1365,0.2485,-0.2057,-0.0538,14932309.87,638.0,29,Renta Mixta,49,0.2485,-0.2057,0.0160666666666666,0.1159532163583157,0.1002631277648363,10.5,0.0095488693109367,0.0091414692044007,-0.093645792127443,Medium
Renta Mixta Balanceado Dólares,SCOTIA FONDO MIXTO BALANCEADO,SCOTIA FONDOS,17/04/2007,$,10.49,0.0093,0.0994,0.0318,-0.0841,-0.0418,0.0268,-0.0685,0.0608,0.2688,-0.2327,-0.0668,5167666.46,235.0,17,Renta Mixta,50,0.2688,-0.2327,0.0002857142857142,0.1205176047771631,-0.0737865494836989,10.5,-0.0070272904270189,-0.0072734729264467,-0.2263028125797502,Medium
Renta Mixta Moderado Soles,CRED. MODERADO VCS,CREDIFONDO SAF,16/06/2008,S/.,156.9,0.0477,0.0881,-0.0002,-0.0247,0.0285,0.0395,-0.0157,0.0945,0.1572,-0.0874,0.0066,9813144.61,261.0,16,Renta Mixta,51,0.1572,-0.0874,0.0318190476190476,0.0635795222079961,0.3610527802321047,10.5,0.0343859790697242,0.0297931457507583,0.1540298733092188,Medium Low
Renta Mixta Moderado Soles,IF INVERSION FLEXIBLE,INTERFONDO,30/10/2007,S/.,156.11,0.0539,0.0684,0.0086,0.0011,0.0125,0.0177,-0.0048,0.0933,0.1824,-0.0636,0.0278,10836845.71,326.0,17,Renta Mixta,52,0.1824,-0.0636,0.0378380952380952,0.0607728673665898,0.4505365296107388,10.5,0.0429082409153084,0.0360570800537163,0.2642146199365241,Medium Low
Renta Mixta Moderado Dólares,CRED. MODERADO,CREDIFONDO SAF,14/09/2002,$,56.36,0.0281,0.0766,-0.0166,-0.0229,0.0021,0.0526,-0.0509,0.0781,0.1267,-0.1292,-0.0304,29547475.38,425.0,22,Renta Mixta,53,0.1267,-0.1292,0.0108761904761904,0.0683610101574762,0.0920027212548201,10.5,0.0087621639290304,0.0084174548663868,-0.1694320359943714,Medium Low
Inst. Deuda Mediano Plazo S/,BBVA RENTA MED. PLAZO S/.,CONTINENTAL FM,17/10/1997,S/.,359.06,0.0236,0.1032,0.0056,-0.0486,0.0347,0.0627,0.0154,0.0667,0.0522,0.0084,0.0361,156199815.34,5501.0,27,Renta Fija,54,0.1032,-0.0486,0.0342857142857142,0.0378579377520075,0.4145240445520784,10.5,0.0394784804335312,0.0335793914768161,0.3586933753700306,Low
Inst. Deuda Mediano Plazo S/,CC CONSERV. MED. PLAZO S/.,CREDIFONDO SAF,03/09/2007,S/.,200.25,0.0351,0.0917,0.0023,-0.0343,0.0467,0.0619,0.0231,0.0662,0.0651,0.0262,0.0417,368903214.15,4704.0,17,Renta Fija,55,0.0917,-0.0343,0.0405428571428571,0.0329977097647959,0.5099176008549997,10.5,0.0485635810338095,0.0400235332137346,0.6068158474166909,Low
Inst. Deuda Mediano Plazo S/,IF MEDIANO PLAZO SOLES,INTERFONDO,14/03/2002,S/.,210.69,0.0308,0.0926,-0.0675,-0.0386,0.0283,0.0492,0.0187,0.0597,0.0465,0.0185,0.041,51557376.94,3229.0,22,Renta Fija,56,0.0926,-0.0675,0.0265904761904761,0.0424477066086102,0.3048089232472242,10.5,0.0290294212616404,0.0256624790767903,0.1333989402301823,Low
Inst. Deuda Mediano Plazo S/,SURA RENTA SOLES,FONDOS SURA SAF,19/05/2006,S/.,217.4,0.0312,0.0786,0.0132,-0.0256,0.0494,0.0569,0.0361,0.0626,0.0566,-0.0016,0.0507,81386921.32,706.0,18,Renta Fija,57,0.0786,-0.0256,0.0388666666666666,0.0294670420242101,0.4861961457668715,10.5,0.0463043948349401,0.0384562462347362,0.6263352195165212,Low
Inst. Deuda Mediano Plazo $,BBVA RENTA MED. PLAZO $,CONTINENTAL FM,21/10/1997,$,200.86,0.0224,0.0607,-0.0366,-0.0268,0.0257,0.0565,-0.0039,0.0245,0.0072,-0.0074,0.0085,177449055.5,2106.0,27,Renta Fija,58,0.0607,-0.0366,0.0124571428571428,0.0291380661964681,0.1336860486291593,10.5,0.0127320046313485,0.0120216203896639,-0.2738129413441701,Low
Inst. Deuda Mediano Plazo $,CREDICORP CONSER. MED. PLA. $,CREDIFONDO SAF,26/03/1996,$,262.2,0.0262,0.0603,-0.036,-0.0063,0.0401,0.0629,-0.0058,0.0303,0.0177,0.0013,0.011,602541809.24,5984.0,28,Renta Fija,59,0.0629,-0.036,0.0192095238095238,0.0284769315732662,0.215998960785357,10.5,0.0205713295986054,0.0187998598551502,-0.0421442928906172,Low
Inst. Deuda Mediano Plazo $,IF MEDIANO PLAZO,INTERFONDO,09/01/1997,$,110.99,0.0143,0.0331,-0.0439,-0.0142,0.0309,0.044,-0.0026,0.0228,0.0146,-0.0033,0.0116,82708932.42,3915.0,27,Renta Fija,60,0.044,-0.0439,0.0102190476190476,0.0236656265068834,0.1092927574148477,10.5,0.0104088340395093,0.0099273002015609,-0.4256257401640834,Low
Inst. Deuda Corto Plazo S/,BBVA CASH SOLES,CONTINENTAL FM,12/02/2008,S/.,159.73,0.0302,0.0713,0.038,0.001,0.0091,0.0249,0.0199,0.0317,0.038,0.0324,0.0294,2336045531.99,70321.0,16,Renta Fija,61,0.0713,0.001,0.0310380952380952,0.0172387946211953,0.3766397844734249,10.5,0.0358704556641357,0.0309105462920333,0.6329065652083756,Low
Inst. Deuda Corto Plazo S/,BBVA PERU SOLES,CONTINENTAL FM,23/03/2011,S/.,150.16,0.0311,0.0627,0.023,-0.0109,0.0204,0.0234,0.0227,0.0374,0.0429,0.0233,0.0286,6870448.62,315.0,13,Renta Fija,62,0.0627,-0.0109,0.0290095238095238,0.0170821950991155,0.3484344107269674,10.5,0.0331842295930445,0.0288800478164914,0.5198423132956276,Low
Inst. Deuda Corto Plazo S/,BBVA RENTA CORTO PLAZO S/.,CONTINENTAL FM,27/12/2005,S/.,192.78,0.0295,0.0768,0.0272,-0.0195,0.0245,0.0378,0.0222,0.045,0.0443,0.0297,0.0326,276014134.68,4905.0,19,Renta Fija,63,0.0768,-0.0195,0.0333428571428571,0.0217953055318846,0.4080235353820274,10.5,0.0388593843220978,0.0331260805842033,0.6022434769267627,Low
Inst. Deuda Corto Plazo S/,BBVA TESORERIA SOLES FMIV,CONTINENTAL FM,10/03/2018,S/.,123.18,0.0312,0.0708,0.0344,0.0014,0.0138,0.032,0.0073,,,,,201489307.58,381.0,6,Renta Fija,64,0.0708,0.0014,0.0293692307692307,0.0215930534601888,0.2054194200078279,6.5,0.031602987693512,0.0291597612062057,0.4241994409495467,Low
Inst. Deuda Corto Plazo S/,CRED. CONSER. CORTO PLAZO S/,CREDIFONDO SAF,02/10/2014,S/.,150.3,0.0326,0.0754,0.0329,-0.0076,0.0307,0.0377,0.0293,0.0457,0.0491,0.0479,0.0321,579456773.92,10438.0,10,Renta Fija,65,0.0754,-0.0076,0.038647619047619,0.0190647113787397,0.4868216107774412,10.5,0.0463639629311848,0.0384978605855643,0.9702670141753365,Low
Inst. Deuda Corto Plazo S/,CRED. CONSERVAD. LIQUIDEZ S/,CREDIFONDO SAF,04/06/2000,S/.,327.82,0.0296,0.0721,0.0457,0.002,0.0136,0.0302,0.0281,0.0388,0.0424,0.035,0.0334,1882497470.86,30929.0,24,Renta Fija,66,0.0721,0.002,0.0353238095238095,0.0171085167713102,0.4380610273258324,10.5,0.0417200978405554,0.035205119559909,0.8887456325499197,Low
Inst. Deuda Corto Plazo S/,DIVISO CONSERVADOR SOLES,DIVISO FONDOS SAF S.A.,31/07/2013,S/.,146.28,-0.0662,0.077,0.0495,0.0145,0.0217,0.04,0.0361,0.0543,0.0588,0.0383,0.0352,9162875.23,200.0,11,Renta Fija,67,0.077,-0.0662,0.0342095238095238,0.035361747189527,0.4144504235479465,10.5,0.0394714689093282,0.0335742681015145,0.3838687050377078,Low
Inst. Deuda Corto Plazo S/,SF Liquidez S/.,SCOTIA FONDOS,30/01/2023,S/.,11.09,0.0271,0.0635,,,,,,,,,,1054430709.68,12662.0,1,Renta Fija,68,0.0635,0.0271,0.0604,0.0236484671807709,0.0923208499999998,1.5,0.0615472333333332,0.0606371034536441,1.7183821320430874,Low
Inst. Deuda Corto Plazo S/,SURA CORTO PLAZO SOLES,FONDOS SURA SAF,25/03/2009,S/.,185.23,0.0335,0.067,0.0394,-0.0067,0.0296,0.0429,0.0324,0.0505,0.0526,0.0362,0.0438,104117637.7,730.0,15,Renta Fija,69,0.067,-0.0067,0.0401142857142857,0.0176562139880927,0.5094458873561447,10.5,0.0485186559386804,0.0399925846634579,1.1323256886748665,Low
Inst. Deuda Corto Plazo S/,SURA ULTRA CASH SOLES,FONDOS SURA SAF,05/09/2012,S/.,159.48,0.0309,0.0732,0.0462,0.0052,0.0156,0.0334,0.0303,0.0423,0.048,0.0419,0.0375,1406112805.0,2694.0,12,Renta Fija,70,0.0732,0.0052,0.0385238095238095,0.0169648058096016,0.4855504741657628,10.5,0.0462429023015012,0.0384132708446534,1.0853805844468891,Low
Inst. Deuda Corto Plazo $,BBVA CASH DOLARES,CONTINENTAL FM,12/02/2008,$,119.68,0.0247,0.0442,0.0122,0.001,0.0071,0.0188,0.0149,0.0082,0.0035,0.0013,0.0009,2959522214.1,19699.0,16,Renta Fija,71,0.0442,0.0009,0.0130285714285714,0.0125190155919491,0.1446813199869711,10.5,0.0137791733320924,0.012952333182516,-0.5629569486291072,Low
Inst. Deuda Corto Plazo $,BBVA RENTA CORTO PLAZO $,CONTINENTAL FM,16/06/2000,$,174.98,0.0256,0.0465,0.0036,0.0021,0.0118,0.0238,0.0173,0.0123,0.0084,-0.0056,0.0012,648529608.96,2663.0,24,Renta Fija,72,0.0465,-0.0056,0.014,0.0139303462072751,0.1560372676234345,10.5,0.0148606921546128,0.0139051233855018,-0.4375251356865102,Low
Inst. Deuda Corto Plazo $,CRED. CONSER. CORTO PLAZO $,CREDIFONDO SAF,18/02/2014,$,122.39,0.026,0.0516,0.0145,0.0034,0.0241,0.0297,0.0166,0.0135,0.0114,0.0075,0.0038,1352590298.88,5345.0,10,Renta Fija,73,0.0516,0.0034,0.019247619047619,0.0134063133362854,0.220579914346638,10.5,0.021007610890156,0.0191647677541046,-0.0623014116516782,Low
Inst. Deuda Corto Plazo $,CRED. CONSERVADOR LIQUIDEZ $,CREDIFONDO SAF,05/06/1999,$,184.53,0.0253,0.0483,0.0158,0.0028,0.0099,0.0219,0.0164,0.0088,0.0059,0.0043,0.0025,2986046639.47,14539.0,25,Renta Fija,74,0.0483,0.0025,0.0154190476190476,0.0129212992071773,0.1733247463343244,10.5,0.016507118698507,0.0153394487043214,-0.3606875145410885,Low
Inst. Deuda Corto Plazo $,DIVISO CONSERVADOR DOLARES,DIVISO FONDOS SAF S.A.,19/03/2015,$,111.26,-0.0977,0.0536,0.0088,0.0293,0.0262,0.034,0.0222,0.0191,0.0264,-0.0098,,3993197.7,89.0,9,Renta Fija,75,0.0536,-0.0977,0.0118,0.0394893783187327,0.108966835182143,9.5,0.0114701931770676,0.0109467240877096,-0.2292585069133809,Low
Inst. Deuda Corto Plazo $,-FARO CORTO PLAZO DOLARES SERIE A,FARO CAPITAL SAFI,08/09/2022,$,104.48,0.0255,0.0089,0.0094,,,,,,,,,,1.0,2,Renta Fija,76,0.0255,0.0089,0.01752,0.0082445780162884,0.0443524433300001,2.5,0.017740977332,0.0175103484549687,-0.3019744054956499,Low
Inst. Deuda Corto Plazo $,-FARO CORTO PLAZO DOLARES SERIE B,FARO CAPITAL SAFI,08/09/2022,$,108.25,0.0248,0.0448,0.0092,,,,,,,,,,22.0,2,Renta Fija,77,0.0448,0.0092,0.03152,0.0154886969540156,0.0805615815680001,2.5,0.0322246326272,0.0314776187980061,0.7410319171510699,Low
Inst. Deuda Corto Plazo $,SF LIQUIDEZ $,SCOTIA FONDOS,31/01/2023,$,10.72,0.0238,0.0422,,,,,,,,,,2713326597.72,10060.0,1,Renta Fija,78,0.0422,0.0238,0.044,0.0143401534161946,0.0670043599999999,1.5,0.0446695733333333,0.0441850301378694,1.6865252020635086,Low
Inst. Deuda Corto Plazo $,SURA CORTO PLAZO DOLARES,FONDOS SURA SAF,31/08/2009,$,134.64,0.0253,0.0482,0.0138,0.0065,0.0173,0.0311,0.0216,0.0165,0.0124,0.0052,0.0057,158920758.64,697.0,15,Renta Fija,79,0.0482,0.0052,0.0193904761904761,0.0122649327577216,0.2225660851152989,10.5,0.0211967700109808,0.0193225964560685,-0.0552309219555183,Low
Inst. Deuda Corto Plazo $,SURA ULTRA CASH DOLARES,FONDOS SURA SAF,19/07/2012,$,121.38,0.0254,0.0479,0.0149,0.0041,0.0116,0.025,0.0198,0.0117,0.0069,0.0031,0.0014,1106026102.76,2370.0,12,Renta Fija,80,0.0479,0.0014,0.0163619047619047,0.0129647800024232,0.1848161765447399,10.5,0.0176015406233085,0.0162823392868201,-0.2867507749830709,Low
Flexible,BLUM BONOS GLOBALES FM,BLUM SAF,25/03/2024,$,10.1,0.0091,,,,,,,,,,,56543864.08,15.0,0,Flexible,81,0.0091,0.0091,0.0182,,0.0091000000000001,0.5,0.0182000000000002,0.0182828100000003,,
Flexible,-Blum Capital Global FM SERIE A,BLUM SAF,23/09/2022,$,12.8,0.0737,0.1345,0.0489,,,,,,,,,9273273.88,3.0,2,Flexible,82,0.1345,0.0489,0.10284,0.0398372472275214,0.2776783585850002,2.5,0.111071343434,0.1029824836178874,2.0830375940373504,Low
Flexible,-Blum Capital Global FM SERIE B,BLUM SAF,23/09/2022,$,12.76,0.0726,0.1325,0.0484,,,,,,,,,9273273.88,162.0,2,Flexible,83,0.1325,0.0484,0.1014,0.0391818410321243,0.2735119238,2.5,0.10940476952,0.101542369024602,2.0811265340428253,Low
Flexible,-Blum Capital Global FM SERIE I,BLUM SAF,23/09/2022,$,12.85,0.0749,0.1368,0.0494,,,,,,,,,9273273.88,1.0,2,Flexible,84,0.1368,0.0494,0.10444,0.0406168388725661,0.2823104682079997,2.5,0.1129241872831999,0.1045802533994813,2.082393798908102,Low
Flexible,Blum Cash FM,BLUM SAF,08/11/2022,$,10.83,0.0249,0.0459,0.0092,,,,,,,,,28684231.56,155.0,2,Flexible,85,0.0459,0.0092,0.032,0.0159526382353097,0.0818047847720002,2.5,0.0327219139088001,0.0319521475872344,0.7492270188124365,Low
Flexible,Blum Cash S/ FM,BLUM SAF,12/12/2023,S/.,10.93,0.0279,0.0039,,,,,,,,,,2962710.39,363.0,1,Flexible,86,0.0279,0.0039,0.0212,0.0131183078177027,0.03190881,1.5,0.02127254,0.0211609848967684,0.0885011171335468,Low
Flexible,BLUM MONEY MARKET $ FM,BLUM SAF,14/02/2023,$,10.71,0.0262,0.0441,,,,,,,,,,30344010.98,14.0,1,Flexible,87,0.0441,0.0262,0.0468666666666666,0.0147439064625959,0.0714554199999999,1.5,0.0476369466666666,0.0470869269492704,1.837160797105416,Low
Flexible,-Blum Renta Global FM SERIE A,BLUM SAF,16/03/2022,$,10.3,0.0273,0.0622,-0.0571,,,,,,,,,6299126.76,8.0,2,Flexible,88,0.0622,-0.0571,0.01296,0.0501285573966244,0.028890650774,2.5,0.0115562603096,0.0114576148591836,-0.1704095546422331,Medium Low
Flexible,-Blum Renta Global FM SERIE B,BLUM SAF,16/03/2022,$,10.26,0.0263,0.0606,-0.0584,,,,,,,,,6299126.76,112.0,2,Flexible,89,0.0606,-0.0584,0.0114,0.0500489427127753,0.024925743248,2.5,0.0099702972992,0.0098967175186466,-0.2018680502270519,Medium Low
Flexible,-Blum Renta Global FM SERIE I,BLUM SAF,16/03/2022,$,10.12,,0.0641,-0.0557,,,,,,,,,,1.0,2,Flexible,90,0.0641,-0.0557,0.0042,0.0599,0.0048296300000001,2.0,0.002414815,0.0024119063538701,-0.2936242678819679,Medium Low
Flexible,CC DEUDA CORPORATIVA SOLES,CREDIFONDO SAF,31/07/2019,S/.,116.25,0.0463,0.1362,-0.0539,-0.0377,0.0561,0.0148,,,,,,49666493.01,388.0,5,Flexible,91,0.1362,-0.0539,0.0294181818181818,0.0633242092891309,0.1599627414554949,5.5,0.0290841348100899,0.027346860582555,0.1160197760861122,Medium Low
Flexible,CC FACTORING $,CREDIFONDO SAF,20/06/2023,$,107.49,0.0353,0.0382,,,,,,,,,,347001866.78,847.0,1,Flexible,92,0.0382,0.0353,0.0489999999999999,0.0123355178245584,0.0748484599999999,1.5,0.0498989733333332,0.0492963424462054,2.3749584624554663,Low
Flexible,CC RENTA OPERATIVA I (FI),CREDIFONDO SAF,28/06/2019,$,131.37,0.0308,0.0676,0.0549,0.0488,0.048,0.0259,,,,,,146550231.82,535.0,5,Flexible,93,0.0676,0.0259,0.0501818181818181,0.0147059263554681,0.3090410281062316,5.5,0.0561892778374966,0.0501811743424875,2.0523137144138697,Low
Flexible,CORIL CASH CONSERVADOR S/,CORIL SAF,08/10/2022,S/.,1121.33,0.0302,0.0625,0.0236,,,,,,,,,5336592.61,24.0,2,Flexible,94,0.0625,0.0236,0.04652,0.0186818021971471,0.1204197650000001,2.5,0.048167906,0.0465314992908203,1.420178792754366,Low
Flexible,CRED CAP FACTORING S/,CREDIFONDO SAF,12/07/2020,S/.,126.06,0.0392,0.0829,0.0673,0.0418,0.0048,,,,,,,67014639.52,277.0,4,Flexible,95,0.0829,0.0048,0.0524444444444444,0.027228444640318,0.2572972935489716,4.5,0.0571771763442159,0.0521976537391115,1.1825006593081504,Low
Flexible,-FARO DEUDA GLOBAL SERIE A,FARO CAPITAL SAFI,29/05/2018,$,102.32,-0.0043,0.0447,-0.1174,-0.0194,0.0617,0.0656,0.0039,,,,,,4.0,6,Flexible,96,0.0656,-0.1174,0.0053538461538461,0.0587113739140961,0.0224978353528534,6.5,0.0034612054389005,0.0034287095334639,-0.282250088215997,Medium Low
Flexible,-FARO DEUDA GLOBAL SERIE B,FARO CAPITAL SAFI,29/05/2018,$,101.43,-0.0049,0.0435,-0.1184,-0.0205,0.0604,0.0635,0.0025,,,,,,8.0,6,Flexible,97,0.0635,-0.1184,0.0040153846153846,0.0584868606957924,0.0137404969848326,6.5,0.0021139226130511,0.0021017366791304,-0.3060219527589916,Medium Low
Flexible,-FARO DEUDA GLOBAL SERIE C,FARO CAPITAL SAFI,29/05/2018,$,100.26,-0.0055,0.0423,-0.1194,-0.0217,0.0592,0.0597,-0.0003,,,,,,37.0,6,Flexible,98,0.0597,-0.1194,0.0022,0.0580474805654819,0.0020256952400816,6.5,0.000311645421551,0.0003113786661295,-0.3391813243584318,Medium Low
Flexible,IF Futuro Seguro $,INTERFONDO,27/12/2021,$,48.73,0.0456,0.0832,-0.1385,-0.0003,,,,,,,,8421311.21,120.0,3,Flexible,99,0.0832,-0.1385,-0.0028571428571428,0.0839038887717393,-0.0245630568186241,3.5,-0.0070180162338926,-0.0070804607329979,-0.322755728362846,Medium Low
Flexible,IF Futuro Seguro S/,INTERFONDO,27/12/2021,S/.,101.5,0.0456,0.1038,-0.1201,-0.0005,,,,,,,,3569611.0,95.0,3,Flexible,100,0.1038,-0.1201,0.0082285714285714,0.0822723097960892,0.0150141121354641,3.5,0.0042897463244183,0.0042669392805114,-0.1912315426476138,Medium Low
Flexible,IF INVERSION GLOBAL,INTERFONDO,26/01/2015,$,68.5,0.0871,0.1405,-0.2028,0.1175,0.1496,0.1565,-0.088,0.0699,-0.0209,-0.0282,,28609026.84,646.0,9,Flexible,101,0.1565,-0.2028,0.0401263157894737,0.1133596617101828,0.3633707444492421,9.5,0.0382495520472886,0.0331654906795169,0.1161391140454883,Medium
Flexible,IF OPORTUNIDAD,INTERFONDO,12/06/2013,$,0.0,,,,,0.0205,0.0269,0.01,0.0141,0.0071,0.0061,0.0024,293054894.42,3848.0,11,Flexible,102,0.0269,0.0024,0.0124428571428571,0.0080380980591283,0.090179779068931,7.0,0.0128828255812758,0.0124110453073114,-0.9441231789988288,Low
Flexible,-IF OPORTUNIDAD SERIE A,INTERFONDO,12/06/2013,$,58.55,0.0191,0.0336,0.0144,,,,,,,,,,3749.0,11,Flexible,103,0.0336,0.0144,0.0268399999999999,0.0093159146983356,0.0685098813439999,2.5,0.0274039525375999,0.026860426313904,0.736420044199171,Low
Flexible,-IF OPORTUNIDAD SERIE B,INTERFONDO,12/06/2013,$,58.92,0.0201,0.0354,0.0162,,,,,,,,,,94.0,11,Flexible,104,0.0354,0.0162,0.02868,0.0095660022998115,0.0733221669480001,2.5,0.0293288667792,0.0287078158792999,0.910287872235978,Low
Flexible,IF OPORTUNIDAD SOLES,INTERFONDO,16/11/2012,S/.,0.0,,,,,,0.0352,0.0219,0.0427,0.0404,0.0388,0.0329,419861239.57,6606.0,12,Flexible,105,0.0427,0.0219,0.0353166666666666,0.0068111224397223,0.2313530711913834,6.0,0.0385588451985639,0.0352941650490126,2.24546911090856,Low
Flexible,-IF OPORTUNIDAD SOLES SERIE A,INTERFONDO,16/11/2012,S/.,144.59,0.0294,0.078,0.0026,-0.0101,,,,,,,,,6493.0,12,Flexible,106,0.078,-0.0101,0.0285428571428571,0.0339597037618386,0.1013413604565681,3.5,0.0289546744161623,0.0279635127858211,0.2344988884964861,Low
Flexible,-IF OPORTUNIDAD SOLES SERIE B,INTERFONDO,16/11/2012,S/.,145.24,0.03,0.0792,0.0038,-0.0089,,,,,,,,,38.0,12,Flexible,107,0.0792,-0.0089,0.0297428571428571,0.0339572427728561,0.10586936889968,3.5,0.0302483911141942,0.0291692655572606,0.2700238537797332,Low
Flexible,IF Portafolio Dinámico,INTERFONDO,28/12/2017,$,71.54,0.0205,0.0504,0.0282,0.0217,0.0592,0.0688,0.1158,0.0007,,,,86104540.3,488.0,7,Flexible,108,0.1158,0.0007,0.0487066666666666,0.0340374322539824,0.4234210667464856,7.5,0.0564561422328647,0.0482007156662951,0.8285206550207851,Low
Flexible,IF Portafolio Dinamico Soles,INTERFONDO,05/05/2021,S/.,0.0,,,0.1022,0.0998,,,,,,,,428574973.53,3533.0,3,Flexible,109,0.1022,0.0998,0.101,0.0011999999999999,0.2121995600000002,2.0,0.1060997800000001,0.1009993460488523,67.49945504071026,Low
Flexible,-IF Portafolio Dinamico Soles SERIE A,INTERFONDO,05/05/2021,S/.,133.73,0.0274,,,,,,,,,,,,3479.0,3,Flexible,110,0.0274,0.0274,0.0548,,0.0274,0.5,0.0548000000000001,0.0555507600000002,,
Flexible,-IF Portafolio Dinamico Soles SERIE B,INTERFONDO,05/05/2021,S/.,134.14,0.0298,,,,,,,,,,,,54.0,3,Flexible,111,0.0298,0.0298,0.0596,,0.0298,0.5,0.0596,0.06048804,,
Flexible,INDEPENDIENTE PMG,INDEPENDIENTE SAF,31/12/2020,$,107.58,0.0428,0.0829,-0.0881,0.0472,-0.0028,,,,,,,52449627.44,955.0,4,Flexible,112,0.0829,-0.0881,0.0182222222222222,0.0589463187470359,0.0753466717784624,4.5,0.0167437048396583,0.0162739107260621,-0.0632115686465197,Medium Low
Flexible,SCOTIA DEPÓSITO DISPONIBLE S/.,SCOTIA FONDOS,16/08/2011,S/.,12.31,0.0379,-0.1296,0.0109,0.0089,0.0196,0.0294,0.0268,0.0382,0.042,0.0337,0.0304,61404110.36,8312.0,13,Flexible,113,0.042,-0.1296,0.0141142857142857,0.0464056318954294,0.1441413284615822,10.5,0.0137277455677697,0.0129068139681911,-0.1528518359106206,Low
Flexible,SCOTIA FONDO CASH $,SCOTIA FONDOS,03/07/2001,$,16.17,0.0242,-0.031,-0.0186,0.0094,0.0135,0.0289,0.0157,0.0146,0.0099,0.0048,0.0026,66840621.79,2078.0,23,Flexible,114,0.0289,-0.031,0.007047619047619,0.0167581476997591,0.0748821037180643,10.5,0.0071316289255299,0.0069009391256489,-0.7816532655658197,Low
Flexible,SCOTIA FONDO CASH S/.,SCOTIA FONDOS,21/06/2001,S/.,20.65,0.0256,-0.0619,-0.0177,-0.0054,0.0358,0.0396,0.0269,0.0438,0.0462,0.0351,0.0348,61040534.4,5515.0,23,Flexible,115,0.0462,-0.0619,0.0193142857142857,0.0318638348337954,0.2157962941652516,10.5,0.0205520280157382,0.0187836871992934,-0.0381722039123956,Low
Flexible,SCOTIA FONDO PREMIUM $,SCOTIA FONDOS,07/02/1996,$,20.38,0.0143,0.0339,-0.2472,-0.0048,0.0528,0.0494,0.0037,0.0228,0.017,-0.0066,0.0116,40478822.19,1768.0,28,Flexible,116,0.0528,-0.2472,-0.0050571428571428,0.0788886920466969,-0.0893102522262182,10.5,-0.0085057383072588,-0.0088702349808803,-0.3659616382509049,Medium Low
Flexible,SCOTIA FONDO PREMIUM S/.,SCOTIA FONDOS,17/04/2007,S/.,11.96,0.0074,-0.0023,-0.3065,-0.0062,0.0589,0.0662,-0.0062,0.0608,0.0418,0.0265,0.0438,11720505.64,1757.0,17,Flexible,117,0.0662,-0.3065,-0.0015047619047619,0.0999876160132297,-0.0796900746101712,10.5,-0.0075895309152544,-0.007877833575686,-0.2788128639050404,Medium Low
Flexible,SF Corto Plazo Plus $,SCOTIA FONDOS,12/01/2023,$,10.43,0.0242,0.0057,,,,,,,,,,486410149.3,1118.0,1,Flexible,118,0.0242,0.0057,0.0199333333333333,0.0105069553682839,0.0300379400000001,1.5,0.0200252933333334,0.0199263556465338,-0.0070091050056625,Low
Flexible,SF Corto Plazo Plus S/,SCOTIA FONDOS,28/02/2024,S/.,10.21,0.0172,,,,,,,,,,,52518855.77,336.0,0,Flexible,119,0.0172,0.0172,0.0344,,0.0172000000000001,0.5,0.0344000000000002,0.0346958400000001,,
Flexible,SF INST DE RENTA $ IX,SCOTIA FONDOS,25/04/2023,$,1143.79,0.0026,0.1371,,,,,,,,,,11393639.67,12.0,1,Flexible,120,0.1371,0.0026,0.0931333333333333,0.0711665378609295,0.1400564599999998,1.5,0.0933709733333332,0.0913169649654397,1.002113733631446,Medium Low
Flexible,SF Inst. Renta $ VIII,SCOTIA FONDOS,13/12/2022,$,1124.99,-0.021,0.1926,-0.0398,,,,,,,,,65933649.14,39.0,2,Flexible,121,0.1926,-0.0398,0.05272,0.1057686204252786,0.12108669508,2.5,0.048434678032,0.0467806340380121,0.2532001829118269,Medium
Flexible,SF INSTI DE RENTA $ X,SCOTIA FONDOS,05/09/2023,$,1133.15,-0.0026,0.1307,,,,,,,,,,27403519.74,29.0,1,Flexible,122,0.1307,-0.0026,0.0854,0.0699860343211415,0.12776018,1.5,0.0851734533333333,0.0834557298872127,0.9066913206717282,Medium Low
Flexible,SF Insti Renta S/ 1Y II,SCOTIA FONDOS,28/05/2024,S/.,1009.17,0.0049,,,,,,,,,,,72009791.65,12.0,0,Flexible,123,0.0049,0.0049,0.0098,,0.0048999999999999,0.5,0.0097999999999998,0.0098240099999997,,
Flexible,SF Institucional de Renta $ XI,SCOTIA FONDOS,09/05/2023,$,1056.79,-0.005,0.0584,,,,,,,,,,28252593.7,37.0,1,Flexible,124,0.0584,-0.005,0.0356,0.0329256738731343,0.053108,1.5,0.0354053333333333,0.035099124570558,0.4585820970205929,Low
Flexible,SF Institucional Renta $ V,SCOTIA FONDOS,05/04/2022,$,1109.89,-0.0252,0.0841,0.0491,,,,,,,,,129050225.68,93.0,2,Flexible,125,0.0841,-0.0252,0.0431999999999999,0.046138125955295,0.108668611388,2.5,0.0434674445552,0.0421271267032257,0.4795844270889012,Low
Flexible,SF Institucional Renta $ VI,SCOTIA FONDOS,16/08/2022,$,1140.63,-0.0248,0.1472,0.0168,,,,,,,,,115563554.24,59.0,2,Flexible,126,0.1472,-0.0248,0.0556799999999999,0.0738570583401929,0.1375444305919998,2.5,0.0550177722367999,0.0529005375012952,0.4454623327908897,Medium Low
Flexible,SF Institucional Renta $ VII,SCOTIA FONDOS,07/12/2022,$,1049.38,-0.0132,0.0205,0.0404,,,,,,,,,36491467.89,46.0,2,Flexible,127,0.0404,-0.0132,0.01908,0.022349923191516,0.0477133877599999,2.5,0.0190853551039999,0.0188189104178639,-0.0528453530696852,Low
Flexible,SF INSTITUCIONAL RENTA SOL 1Y,SCOTIA FONDOS,17/08/2023,S/.,1082.81,0.0426,0.0323,,,,,,,,,,85205213.02,10.0,1,Flexible,128,0.0426,0.0323,0.0499333333333333,0.0135039294692734,0.07627598,1.5,0.0508506533333333,0.0502251928560242,2.2382516825786194,Low
Flexible,SF Nota Estructurada VIII,SCOTIA FONDOS,05/10/2024,$,103.61,0.0328,,,,,,,,,,,22535466.5,48.0,0,Flexible,129,0.0328,0.0328,0.0656,,0.0328,0.5,0.0656,0.0666758399999998,,
Flexible,SF RENTA $ 1Y VI,SCOTIA FONDOS,13/07/2023,$,10.6,0.0291,0.0277,,,,,,,,,,111005824.41,226.0,1,Flexible,130,0.0291,0.0277,0.0378666666666666,0.0094925116685615,0.05760607,1.5,0.0384040466666667,0.0380444636084227,1.9009156099522648,Low
Flexible,SF Renta $ 1Y VII,SCOTIA FONDOS,13/12/2023,$,10.37,0.0294,0.0033,,,,,,,,,,257684238.36,481.0,1,Flexible,131,0.0294,0.0033,0.0218,0.0141423123993214,0.0327970200000002,1.5,0.0218646800000001,0.0217468734447245,0.1235210618603228,Low
Flexible,SF Renta $ 1Y VIII,SCOTIA FONDOS,04/03/2024,$,10.16,0.0133,,,,,,,,,,,186694501.72,254.0,0,Flexible,132,0.0133,0.0133,0.0266,,0.0133000000000001,0.5,0.0266000000000002,0.0267768900000002,,
Flexible,SF RENTA $ 6M XIX,SCOTIA FONDOS,02/02/2024,$,10.26,0.0223,,,,,,,,,,,274616552.91,549.0,0,Flexible,133,0.0223,0.0223,0.0446,,0.0223,0.5,0.0446,0.0450972899999999,,
Flexible,SF Renta $ 6M XX,SCOTIA FONDOS,04/03/2024,$,10.17,0.0137,,,,,,,,,,,185898855.48,471.0,0,Flexible,134,0.0137,0.0137,0.0274,,0.0137,0.5,0.0274,0.02758769,,
Flexible,SF RENTA SOLES 6M V,SCOTIA FONDOS,19/06/2024,S/.,10.06,-0.8997,,,,,,,,,,,300219846.01,802.0,0,Flexible,135,-0.8997,-0.8997,-1.7994,,-0.8996999999999999,0.5,-1.7994,-0.98993991,,
Flexible,SFNotaEstructurada IV-F. Insti,SCOTIA FONDOS,01/04/2022,$,94.73,0.046,0.0312,-0.1222,,,,,,,,,33859137.65,53.0,2,Flexible,136,0.046,-0.1222,-0.018,0.0761014235521692,-0.0531740214400001,2.5,-0.021269608576,-0.0216188739051672,-0.5468869301326087,Medium Low
Fondo de Fondos,-- SERIE A,INDEPENDIENTE SAF,06/11/2024,$,100.13,0.0013,,,,,,,,,,,,30.0,0,Fondo de Fondos,137,0.0013,0.0013,0.0026,,0.0013,0.5,0.0026000000000001,0.0026016900000001,,
Fondo de Fondos,-- SERIE D,INDEPENDIENTE SAF,06/11/2024,$,100.13,0.0013,,,,,,,,,,,,1.0,0,Fondo de Fondos,138,0.0013,0.0013,0.0026,,0.0013,0.5,0.0026000000000001,0.0026016900000001,,
Fondo de Fondos,CRED CAP. INVESTMENT GRADE,CREDIFONDO SAF,09/04/2018,$,114.66,0.0167,0.0595,-0.1081,-0.0218,0.0879,0.1227,-0.0046,,,,,156749435.46,884.0,6,Fondo de Fondos,139,0.1227,-0.1081,0.0234307692307692,0.0712027731397416,0.1425834860071968,6.5,0.0219359209241841,0.0207181501593585,0.0100859858077308,Medium Low
Fondo de Fondos,CRED CAP VISION I,CREDIFONDO SAF,02/08/2016,$,116.91,0.0154,0.0579,-0.1388,0.0027,0.0607,0.102,-0.0483,0.0649,0.0624,,,103351707.36,697.0,8,Fondo de Fondos,140,0.102,-0.1388,0.0210470588235294,0.0697978195449233,0.1674221632356582,8.5,0.019696725086548,0.0183783752261372,-0.0232331723889886,Medium Low
Fondo de Fondos,CRED CAP VISION III,CREDIFONDO SAF,02/10/2016,$,152.44,0.0594,0.1175,-0.1779,0.0824,0.1012,0.1816,-0.1068,0.1531,0.0748,,,40423385.44,721.0,8,Fondo de Fondos,141,0.1816,-0.1779,0.0570941176470588,0.1122278257439009,0.5173995869968206,8.5,0.0608705396466847,0.0502818919643923,0.2698251682563498,Medium
Fondo de Fondos,CRED. DEUDA GLOBAL,CREDIFONDO SAF,25/03/2013,$,111.23,0.0097,0.0555,-0.1555,-0.0117,0.0619,0.1042,-0.0454,0.0583,0.0865,-0.0206,0.0221,19944546.16,596.0,11,Fondo de Fondos,142,0.1042,-0.1555,0.0157142857142857,0.0697830483745534,0.1459979785305994,10.5,0.0139045693838666,0.0130632410611231,-0.0994046419646865,Medium Low
Fondo de Fondos,CRED. EQUILIBRADO VCS,CREDIFONDO SAF,16/06/2008,S/.,112.7,0.0763,0.0662,-0.2027,-0.0573,0.0291,0.0381,-0.0384,0.1407,0.273,-0.1771,-0.0156,10237570.4,840.0,16,Fondo de Fondos,143,0.273,-0.2027,0.0126,0.1288739165371968,0.04226229292056,10.5,0.0040249802781485,0.0039500315876546,-0.1245400841660065,Medium
Fondo de Fondos,CREDI. ACC. LATAM-PACIFICO,CREDIFONDO SAF,14/08/2012,$,52.5,-0.1695,0.2669,-0.0187,-0.0882,-0.0586,0.1015,-0.1483,0.1436,0.0593,-0.2855,-0.1583,9461290.73,185.0,12,Fondo de Fondos,144,0.2669,-0.2855,-0.0338857142857142,0.1546397760408096,-0.3942667947131244,10.5,-0.037549218544107,-0.046622510410442,-0.4308238935425017,Medium High
Fondo de Fondos,CREDICORP ACCIONES ASIA,CREDIFONDO SAF,06/05/2017,$,123.37,0.0709,0.0039,-0.1841,-0.0437,0.2473,0.2103,-0.1548,0.1515,,,,28871338.28,470.0,7,Fondo de Fondos,145,0.2473,-0.1841,0.0401733333333333,0.1507671686003878,0.2324174757727482,7.5,0.0309889967696997,0.0282555123880807,0.054756698455764,Medium High
Fondo de Fondos,CREDICORP ACCIONES EEUU,CREDIFONDO SAF,26/05/2017,$,228.06,0.1267,0.3441,-0.3016,0.1873,0.2882,0.2928,-0.0293,0.1122,,,,166762599.17,2004.0,7,Fondo de Fondos,146,0.3441,-0.3016,0.1360533333333333,0.1978529736389569,1.2578086498588448,7.5,0.1677078199811793,0.1147007269091453,0.4786419186297179,Medium High
Fondo de Fondos,CREDICORP ACCIONES EUROPA,CREDIFONDO SAF,26/05/2017,$,172.41,0.0821,0.2146,-0.2655,0.2902,0.1404,0.364,-0.1207,0.0042,,,,55238012.25,898.0,7,Fondo de Fondos,147,0.364,-0.2655,0.0945733333333333,0.197384568278385,0.7107178253258698,7.5,0.0947623767101159,0.0742131160125703,0.2746573173649006,Medium High
Fondo de Fondos,Credicorp Activos Preferentes,CREDIFONDO SAF,06/06/2018,$,117.23,0.0348,0.0709,-0.1028,0.0127,0.0406,0.147,-0.0309,,,,,64817785.58,444.0,6,Fondo de Fondos,148,0.147,-0.1028,0.0265076923076923,0.0726667574726517,0.1646387784869648,6.5,0.0253290428441484,0.0237249046278225,0.0512600913729277,Medium Low
Fondo de Fondos,CREDICORP DEUDA FLOTANTE,CREDIFONDO SAF,03/02/2017,$,124.91,0.0302,0.1029,-0.0382,0.0616,0.0066,0.0624,-0.0101,0.0144,,,,72568757.05,696.0,7,Fondo de Fondos,149,0.1029,-0.0382,0.0306399999999999,0.0424695078850697,0.2458016958878816,7.5,0.0327735594517175,0.0297374848537024,0.2292817915397993,Low
Fondo de Fondos,CREDICORP DEUDA HIGH YIELD,CREDIFONDO SAF,03/02/2017,$,124.3,0.0188,0.1006,-0.0862,0.0227,0.0363,0.1245,-0.0235,0.0397,,,,120179522.08,642.0,7,Fondo de Fondos,150,0.1245,-0.0862,0.0310533333333333,0.0618623910609489,0.2397756548065507,7.5,0.0319700873075401,0.0290719657433724,0.1466475121279169,Medium Low
Fondo de Fondos,FdeF BBVA Apreciacion Capital,CONTINENTAL FM,24/01/2014,$,136.89,0.075,0.1372,-0.094,0.0973,0.0387,0.0863,-0.0415,0.0894,-0.0017,-0.0638,0.0193,40995515.82,319.0,10,Fondo de Fondos,151,0.1372,-0.094,0.0325904761904761,0.0708625741820551,0.3641119816922981,10.5,0.0346773315897426,0.0300133636529758,0.1413068007838688,Medium Low
Fondo de Fondos,FdeF BBVA Generacion de Flujo,CONTINENTAL FM,03/01/2010,$,96.34,-0.002,0.0563,-0.143,0.0237,0.0309,-0.0078,-0.086,0.1234,0.2272,-0.2186,-0.069,39803103.56,191.0,14,Fondo de Fondos,152,0.2272,-0.2186,-0.0061809523809523,0.1173992211049909,-0.1328261793407538,10.5,-0.012650112318167,-0.013481239894258,-0.285191329032035,Medium
Fondo de Fondos,FdeF BBVA Preservacion Capital,CONTINENTAL FM,23/02/2010,$,103.77,0.0161,0.0452,-0.0085,-0.0039,0.0108,-0.0011,-0.0519,0.0464,0.0972,-0.1198,-0.0425,25476542.62,100.0,14,Fondo de Fondos,153,0.0972,-0.1198,-0.0011428571428571,0.0547284193877618,-0.0284244417731216,10.5,-0.0027070896926782,-0.0027425407620199,-0.4155526692792732,Medium Low
Fondo de Fondos,-FdeF BTG Renta Internacional SERIE A,BTG PACTUAL PERU SAF,16/10/2020,$,108.69,0.0225,0.0823,-0.1451,0.1004,0.0437,,,,,,,,13.0,4,Fondo de Fondos,154,0.1004,-0.1451,0.0230666666666666,0.0874015051993448,0.0865571084858426,4.5,0.0192349129968539,0.0186187812576448,-0.0158031459435956,Medium Low
Fondo de Fondos,-FdeF BTG Renta Internacional SERIE B,BTG PACTUAL PERU SAF,16/10/2020,$,110.52,,,,,0.0447,,,,,,,,2.0,4,Fondo de Fondos,155,0.0447,0.0447,0.0447,,0.0446999999999999,1.0,0.0446999999999999,0.0446999999999999,,
Fondo de Fondos,FdeF CC Acciones Innovacion,CREDIFONDO SAF,26/04/2021,$,108.66,0.208,0.3933,-0.3891,0.0591,,,,,,,,50878829.17,459.0,3,Fondo de Fondos,156,0.3933,-0.3891,0.0775142857142856,0.2893160540527488,0.0889768930158158,3.5,0.0254219694330902,0.024652871122416,0.0160823122576107,High
Fondo de Fondos,FdeF CRED ACC SECTOR SEGURID,CREDIFONDO SAF,10/02/2018,$,146.19,0.0816,0.1938,-0.3187,0.1894,0.2114,0.2859,-0.11,,,,,36920901.19,499.0,6,Fondo de Fondos,157,0.2859,-0.3187,0.0820615384615384,0.1999225719522266,0.4506055961393275,6.5,0.0693239378675888,0.0588970683656215,0.1945606640900778,Medium High
Fondo de Fondos,FdeF Cred Renta Estrategica,CREDIFONDO SAF,13/02/2019,$,113.66,0.0169,0.0717,-0.0751,0.0158,0.0535,0.0523,,,,,,402980256.64,908.0,5,Fondo de Fondos,158,0.0717,-0.0751,0.0245636363636363,0.0481262728714355,0.135085501190637,5.5,0.0245610002164794,0.0233052345526136,0.068678382002348,Low
Fondo de Fondos,FdeF IF Global Thematics,INTERFONDO,26/03/2021,$,53.91,0.1245,0.2148,-0.2744,0.0897,,,,,,,,15067136.74,313.0,3,Fondo de Fondos,159,0.2148,-0.2744,0.0441714285714285,0.186498924054455,0.080111196357232,3.5,0.0228889132449234,0.0222624757632174,0.0121313073235579,Medium High
Fondo de Fondos,FdF BBVA Renta Fija Mcdo Emerg,CONTINENTAL FM,02/02/2024,$,104.21,0.0308,,,,,,,,,,,43141412.3,182.0,0,Fondo de Fondos,160,0.0308,0.0308,0.0616,,0.0307999999999999,0.5,0.0615999999999999,0.0625486399999999,,
Fondo de Fondos,FdF CC Acciones China,CREDIFONDO SAF,03/01/2021,$,49.87,-0.0063,-0.2229,-0.3401,-0.0123,,,,,,,,5619706.85,114.0,3,Fondo de Fondos,161,-0.0063,-0.3401,-0.1661714285714285,0.1437920103653118,-0.4966902066796079,3.5,-0.1419114876227451,-0.1781167893142126,-1.3778010948653232,Medium
Fondo de Fondos,FdF CC Duración Objetivo Latam,CREDIFONDO SAF,05/10/2024,$,101.08,0.0075,,,,,,,,,,,41986809.54,159.0,0,Fondo de Fondos,162,0.0075,0.0075,0.015,,0.0075,0.5,0.015,0.0150562500000002,,
Fondo de Fondos,FDF CRED CAP VISION II,CREDIFONDO SAF,02/08/2016,$,139.23,0.0417,0.0956,-0.1666,0.0513,0.0902,0.1531,-0.0816,0.111,0.0821,,,160211985.52,1281.0,8,Fondo de Fondos,163,0.1531,-0.1666,0.0443294117647058,0.095939996306002,0.3879100774679537,8.5,0.0456364797021122,0.0393178629811563,0.2013535931306661,Medium Low
Fondo de Fondos,FdF Cred. Tendencias Globales,CREDIFONDO SAF,19/10/2020,$,100.24,0.0998,0.2915,-0.3575,0.012,0.0879,,,,,,,39246228.71,293.0,4,Fondo de Fondos,164,0.2915,-0.3575,0.0297111111111111,0.2131093379024827,0.0047331860468908,4.5,0.0010518191215312,0.0010498884680596,-0.0889220140161656,High
Fondo de Fondos,FdF Credicorp Deuda Flexible,CREDIFONDO SAF,16/07/2020,$,98.16,-0.0028,0.0752,-0.1241,-0.0042,0.0505,,,,,,,54743913.91,160.0,4,Fondo de Fondos,165,0.0752,-0.1241,-0.0011999999999999,0.0687398283384531,-0.0175867063099734,4.5,-0.0039081569577718,-0.0039351679271918,-0.3481994137276961,Medium Low
Fondo de Fondos,FdF Credicorp Impacto Sostenib,CREDIFONDO SAF,12/06/2021,$,85.33,0.046,0.078,-0.2242,0.0215,,,,,,,,9053768.45,146.0,3,Fondo de Fondos,166,0.078,-0.2242,-0.0224857142857142,0.1198030341426957,-0.1064094000363998,3.5,-0.0304026857246856,-0.0316338551861083,-0.4309895450945594,Medium
Fondo de Fondos,-FdF ED ACC GLOB OPT SERIE B,EL DORADO SAF,29/01/2024,$,109.66,0.0966,,,,,,,,,,,,9.0,0,Fondo de Fondos,167,0.0966,0.0966,0.1932,,0.0965999999999999,0.5,0.1931999999999999,0.2025315599999999,,
Fondo de Fondos,-FdF El Dorado Instr Deuda EEUU SERIE A,EL DORADO SAF,06/07/2022,$,118.15,0.0607,0.0911,0.02,,,,,,,,,,9.0,2,Fondo de Fondos,168,0.0911,0.02,0.0687199999999999,0.0312986858084062,0.1804763653999998,2.5,0.0721905461599999,0.06861906619564,1.5533900206947928,Low
Fondo de Fondos,-FdF El Dorado Instr Deuda EEUU SERIE B,EL DORADO SAF,06/07/2022,$,117.05,0.0591,0.0879,0.0183,,,,,,,,,,8.0,2,Fondo de Fondos,169,0.0879,0.0183,0.06612,0.0306071952324939,0.1732800564869999,2.5,0.0693120225947999,0.0660085191430626,1.5031929189714817,Low
Fondo de Fondos,-FdF El Dorado Instr Deuda EEUU SERIE I,EL DORADO SAF,06/07/2022,$,118.46,0.0613,0.0924,0.0207,,,,,,,,,,1.0,2,Fondo de Fondos,170,0.0924,0.0207,0.06976,0.0315754377114026,0.1833629572839999,2.5,0.0733451829135999,0.0696635283468609,1.5728532032012434,Low
Fondo de Fondos,FdF Faro Deuda Global,FARO CAPITAL SAFI,06/11/2020,$,97.19,-0.0067,0.0373,-0.1237,-0.023,,,,,,,,6974287.2,76.0,4,Fondo de Fondos,171,0.0373,-0.1237,-0.0331714285714285,0.0590885754177401,-0.1178708191619409,3.5,-0.0336773769034117,-0.0351989482661535,-0.9341729408081352,Medium Low
Fondo de Fondos,FdF Faro Global Innovation,FARO CAPITAL SAFI,27/01/2020,$,125.53,0.0643,0.2205,-0.3088,-0.0271,0.4411,,,,,,,6031392.52,104.0,4,Fondo de Fondos,172,0.4411,-0.3088,0.0866666666666666,0.2503482995970036,0.2588323554488373,4.5,0.0575183012108527,0.0524829963449811,0.129751216194679,High
Fondo de Fondos,FdF Faro Renta Variable Global,FARO CAPITAL SAFI,06/11/2020,$,147.0,0.0874,0.1617,-0.2128,0.1121,,,,,,,,18164541.04,131.0,4,Fondo de Fondos,173,0.1617,-0.2128,0.0424,0.1468354691482953,0.1058907975860097,3.5,0.0302545135960027,0.029174963360887,0.0624846531570714,Medium
Fondo de Fondos,FdF IF Enfoque Global,INTERFONDO,18/12/2019,$,49.09,0.0097,0.0385,-0.0901,-0.0069,0.0377,-0.0011,,,,,,15895319.81,221.0,5,Fondo de Fondos,174,0.0385,-0.0901,-0.0022181818181818,0.0430887811135478,-0.0178465785205467,5.5,-0.0032448324582812,-0.0032687820692297,-0.5400195008513167,Low
Fondo de Fondos,FdF IF Inversión EEUU FMIV,INTERFONDO,12/01/2022,$,64.59,0.1158,0.2165,-0.052,,,,,,,,,8766214.55,354.0,2,Fondo de Fondos,175,0.2165,-0.052,0.11212,0.1123151833012794,0.2867874235999997,2.5,0.1147149694399998,0.1061212176917465,0.7667816154538163,Medium
Fondo de Fondos,FdF IF RealState Student Accom,INTERFONDO,27/09/2021,$,55.26,0.0205,0.0246,0.0504,0.0053,,,,,,,,332265013.88,898.0,3,Fondo de Fondos,176,0.0504,0.0053,0.0288,0.0166233269834891,0.1041237613306158,3.5,0.0297496460944616,0.0287048502391891,0.5236527109064896,Low
Fondo de Fondos,FdF IF XIX Rend Global 360,INTERFONDO,25/08/2023,$,52.36,0.0244,0.0181,,,,,,,,,,66062411.3,353.0,1,Fondo de Fondos,177,0.0244,0.0181,0.0283333333333333,0.0077521681554976,0.0429416399999999,1.5,0.0286277599999999,0.028426687915795,1.0870104655584778,Low
Fondo de Fondos,FdF IF XVIII Rend Global 360,INTERFONDO,27/07/2023,$,52.53,0.0249,0.0223,,,,,,,,,,92579006.6,416.0,1,Fondo de Fondos,178,0.0249,0.0223,0.0314666666666666,0.0079733584169059,0.0477552699999999,1.5,0.0318368466666666,0.0315886834779037,1.453425629698558,Low
Fondo de Fondos,FdF IF XX Rend Global 360,INTERFONDO,22/09/2023,$,52.14,0.025,0.0137,,,,,,,,,,60555635.26,370.0,1,Fondo de Fondos,179,0.025,0.0137,0.0258,0.0085746720053888,0.0390424999999999,1.5,0.0260283333333332,0.0258618384808999,0.6836224729314413,Low
Fondo de Fondos,FdF IF XXI Rend Global 360,INTERFONDO,26/10/2023,$,51.93,0.0251,0.0088,,,,,,,,,,58847187.33,399.0,1,Fondo de Fondos,180,0.0251,0.0088,0.0226,0.0099169047590465,0.0341208799999998,1.5,0.0227472533333332,0.0226198174847573,0.2641769330664892,Low
Fondo de Fondos,FdF IF XXIII Rend Global 360,INTERFONDO,02/08/2024,$,51.11,0.0201,,,,,,,,,,,39838118.2,222.0,0,Fondo de Fondos,181,0.0201,0.0201,0.0402,,0.0201,0.5,0.0402000000000001,0.04060401,,
Fondo de Fondos,FdF IF XXIV Rend Global 360,INTERFONDO,25/04/2024,$,50.56,0.0087,,,,,,,,,,,103229900.91,415.0,0,Fondo de Fondos,182,0.0087,0.0087,0.0174,,0.0086999999999999,0.5,0.0173999999999998,0.0174756899999999,,
Fondo de Fondos,FdF IF XXV Rend Global 360,INTERFONDO,15/03/2024,$,50.77,0.0135,,,,,,,,,,,34591895.73,251.0,0,Fondo de Fondos,183,0.0135,0.0135,0.027,,0.0135,0.5,0.0270000000000001,0.02718225,,
Fondo de Fondos,FdF IF XXVI Rend Global 360,INTERFONDO,04/01/2024,$,50.7,0.0117,,,,,,,,,,,64764253.84,334.0,0,Fondo de Fondos,184,0.0117,0.0117,0.0234,,0.0117,0.5,0.0234,0.0235368900000001,,
Fondo de Fondos,FdF IF XXVIII Rend Global 360,INTERFONDO,06/04/2024,$,50.3,0.0032,,,,,,,,,,,81750613.33,400.0,0,Fondo de Fondos,185,0.0032,0.0032,0.0064,,0.0032,0.5,0.0064000000000001,0.0064102400000001,,
Fondo de Fondos,-FdF Part y Crec Int SERIE A,BLANCO SAFI S.A.C.,19/04/2023,$,1.02,0.0011,,,,,,,,,,,,20.0,1,Fondo de Fondos,186,0.0011,0.0011,0.0022,,0.0011000000000001,0.5,0.0022000000000002,0.0022012100000001,,
Fondo de Fondos,-FdF Part y Crec Int SERIE B,BLANCO SAFI S.A.C.,19/04/2023,$,1.02,0.0003,,,,,,,,,,,,11.0,1,Fondo de Fondos,187,0.0003,0.0003,0.0006,,0.0003,0.5,0.0006,0.0006000899999998,,
Fondo de Fondos,FdF Sura Corto Plazo Global,FONDOS SURA SAF,15/11/2022,$,108.27,0.0246,0.047,0.0046,,,,,,,,,84753632.87,376.0,2,Fondo de Fondos,188,0.047,0.0046,0.0304799999999999,0.0180486306036404,0.0776908785199997,2.5,0.0310763514079998,0.030380622819953,0.5751473919500143,Low
Fondo de Fondos,FdF SURA RENTA DOLARES,FONDOS SURA SAF,14/06/2005,$,177.05,0.0065,0.0422,-0.0108,-0.0134,0.0768,0.0777,0.0131,0.0285,0.0318,0.0065,0.0234,53654113.61,524.0,19,Fondo de Fondos,189,0.0777,-0.0134,0.0268857142857142,0.0292501960731103,0.3156316823618664,10.5,0.0300601602249396,0.0264696809224387,0.2211841898860398,Low
Fondo de Fondos,FF BBVA ACC GLOB MILLENIALS,CONTINENTAL FM,16/01/2023,$,125.87,0.1628,0.0813,,,,,,,,,,2759560.62,40.0,1,Fondo de Fondos,190,0.1628,0.0813,0.1627333333333333,0.0575820815107539,0.25733564,1.5,0.1715570933333333,0.1649326495265199,2.5169748248759056,Medium Low
Fondo de Fondos,FF BBVA ACC TENDENC GLOB,CONTINENTAL FM,15/04/2010,$,118.28,0.0558,0.1328,-0.2334,0.0676,0.0923,0.2226,-0.1158,0.231,0.51,-0.3969,-0.1235,41699460.91,353.0,14,Fondo de Fondos,191,0.51,-0.3969,0.0421428571428571,0.2373637687597911,0.1357045425078321,10.5,0.012924242143603,0.0121930893748962,-0.032890068547084,High
Fondo de Fondos,FF BBVA ACCIONES GLOB RE,CONTINENTAL FM,08/10/2022,$,87.84,-0.0415,0.0653,-0.1405,,,,,,,,,9541240.11,81.0,2,Fondo de Fondos,192,0.0653,-0.1405,-0.04668,0.0843969691398927,-0.1223731020250001,2.5,-0.04894924081,-0.0508737822334263,-0.8397669129083185,Medium Low
Fondo de Fondos,FF BBVA DIST EST GLOBAL,CONTINENTAL FM,05/09/2018,$,112.65,0.0158,0.0715,-0.0873,0.0072,0.0703,0.0489,-0.002,,,,,319069944.57,742.0,6,Fondo de Fondos,193,0.0715,-0.0873,0.0191384615384615,0.0509546517428487,0.1210224334949941,6.5,0.0186188359223067,0.0177309214877336,-0.0445313319717617,Medium Low
Fondo de Fondos,FF BBVA DIST HIGH YIELD EEUU,CONTINENTAL FM,07/07/2021,$,101.51,0.0166,0.1227,-0.117,0.0074,,,,,,,,45801961.58,194.0,3,Fondo de Fondos,194,0.1227,-0.117,0.0084857142857142,0.0849390781077586,0.015258135109244,3.5,0.0043594671740697,0.0043359159896652,-0.1844155170893476,Medium Low
Fondo de Fondos,FF BBVA ESTRATE CONSERV $,CONTINENTAL FM,06/06/2002,$,168.33,0.0183,0.0514,-0.0589,0.0144,0.0248,0.0584,0.0017,0.0302,0.0124,-0.0062,0.0149,19350291.63,110.0,22,Fondo de Fondos,195,0.0584,-0.0589,0.0153714285714285,0.0296116559309992,0.1681840683249868,10.5,0.0160175303166654,0.0149149401407513,-0.1717249407158387,Low
Fondo de Fondos,FF BBVA ESTRATE CONSERV S/,CONTINENTAL FM,21/04/1998,S/.,250.91,0.0156,0.0664,-0.0429,0.0097,0.0013,0.0412,-0.0296,0.0757,0.1385,-0.0814,-0.0032,13878029.96,599.0,26,Fondo de Fondos,196,0.1385,-0.0814,0.0182190476190476,0.0583030585807302,0.1874090059642749,10.5,0.0178484767585023,0.0164939406643207,-0.0601350841795808,Medium Low
Fondo de Fondos,FF BBVA ESTRATE DINAMICO $,CONTINENTAL FM,10/06/2011,$,62.17,0.0324,0.0888,-0.1119,0.0125,-0.0637,0.0924,-0.1494,0.124,0.0232,-0.1957,-0.1755,2815873.79,119.0,13,Fondo de Fondos,197,0.124,-0.1957,-0.0307523809523809,0.1095796765569553,-0.3293272288668015,10.5,-0.0313644979873144,-0.037330511724841,-0.5231856264427175,Medium
Fondo de Fondos,FF BBVA ESTRATE DINAMICO S/,CONTINENTAL FM,16/03/2007,S/.,114.86,0.0319,0.1077,-0.0968,0.1156,-0.0483,0.0043,-0.1375,0.2119,0.4919,-0.3143,-0.0775,17623299.12,1478.0,17,Fondo de Fondos,198,0.4919,-0.3143,0.0275142857142857,0.2001580581841003,0.0858800697268331,10.5,0.0081790542596983,0.0078776075333388,-0.0605640990756977,High
Fondo de Fondos,FF BBVA ESTRATE EQUILIBRA $,CONTINENTAL FM,18/03/2021,$,102.59,0.0235,0.0734,-0.0836,0.0193,,,,,,,,2466454.4,76.0,3,Fondo de Fondos,199,0.0734,-0.0836,0.0093142857142857,0.0570985819545852,0.026210709626348,3.5,0.0074887741789565,0.0074197036461474,-0.220325898178323,Medium Low
Fondo de Fondos,FF BBVA ESTRATE EQUILIBRA S/,CONTINENTAL FM,19/03/2007,S/.,136.41,0.0221,0.0875,-0.0717,0.045,-0.0087,0.0424,-0.0692,0.1177,0.2597,-0.1628,-0.0215,13276790.67,2010.0,17,Fondo de Fondos,200,0.2597,-0.1628,0.0229047619047619,0.1065960210842197,0.1962049858991028,10.5,0.0186861891332478,0.0172086811893337,-0.0261859568703873,Medium
Fondo de Fondos,FF CC LATAM INNOVACION,CREDIFONDO SAF,07/03/2023,$,89.49,-0.1737,0.0735,,,,,,,,,,2938832.51,405.0,1,Fondo de Fondos,201,0.0735,-0.1737,-0.0668,0.1247230932906973,-0.11296695,1.5,-0.0753113,-0.0768055158547792,-0.7761635259410264,Medium
Fondo de Fondos,FF CC RENTA GLOBAL INV GRADE,CREDIFONDO SAF,11/10/2022,$,109.02,0.0085,0.0635,0.0124,,,,,,,,,64372503.74,358.0,2,Fondo de Fondos,202,0.0635,0.0085,0.03376,0.0256825803480361,0.0858392428999998,2.5,0.0343356971599999,0.0334898442215518,0.5252526825087258,Low
Fondo de Fondos,-FF Creci Inmobiliario EEUU SERIE A,EL DORADO SAF,01/04/2021,$,109.63,0.006,0.023,0.0214,0.0427,,,,,,,,,186.0,3,Fondo de Fondos,203,0.0427,0.006,0.0266,0.0134496282476505,0.0960461515216398,3.5,0.0274417575776113,0.0265489639046716,0.4869252728837059,Low
Fondo de Fondos,-FF Creci Inmobiliario EEUU SERIE B,EL DORADO SAF,01/04/2021,$,109.64,0.006,0.023,0.0214,0.0427,,,,,,,,,54.0,3,Fondo de Fondos,204,0.0427,0.006,0.0266,0.0134496282476505,0.0960461515216398,3.5,0.0274417575776113,0.0265489639046716,0.4869252728837059,Low
Fondo de Fondos,FONDO D FONDOS DEUDA LATAM,CREDIFONDO SAF,08/07/2012,$,132.15,0.0456,0.0594,-0.0928,-0.0013,0.0227,0.1331,-0.0434,0.0983,0.1288,-0.0638,0.0277,99147351.12,571.0,12,Fondo de Fondos,205,0.1331,-0.0928,0.0299333333333333,0.0716466871374928,0.3270383823899382,10.5,0.0311465126085655,0.027313958273645,0.1020836910380691,Medium Low
Fondo de Fondos,Fondo de F. Cred. Cons. Global,CREDIFONDO SAF,14/12/2017,$,159.11,0.0243,0.144,-0.1717,0.1929,0.1119,0.2572,-0.0309,0.0072,,,,140270837.39,1052.0,7,Fondo de Fondos,206,0.2572,-0.1717,0.07132,0.1284971270106845,0.5797898178621409,7.5,0.0773053090482854,0.062869410155518,0.3336215458883642,Medium
Fondo de Fondos,Independiente Agresivo $,INDEPENDIENTE SAF,12/07/2021,$,112.71,0.1027,0.1511,-0.128,0.0183,,,,,,,,23037223.29,1866.0,3,Fondo de Fondos,207,0.1511,-0.128,0.0411714285714285,0.1060803120378179,0.127100538278072,3.5,0.0363144395080205,0.0347763004508854,0.1392935236240409,Medium
Fondo de Fondos,-PHI DEUDA INTERNACIONAL SERIE A,PRUDENTIALSAF SAF,22/05/2023,$,9.92,-0.0206,0.0132,,,,,,,,,,,14.0,1,Fondo de Fondos,208,0.0132,-0.0206,-0.0049333333333333,0.0169449435263476,-0.0076719199999999,1.5,-0.0051146133333332,-0.0051211755501202,-1.482517513915547,Low
Fondo de Fondos,-PHI DEUDA INTERNACIONAL SERIE B,PRUDENTIALSAF SAF,22/05/2023,$,10.03,-0.0161,0.0189,,,,,,,,,,,7.0,1,Fondo de Fondos,209,0.0189,-0.0161,0.0018666666666666,0.0175062211164425,0.0024957099999998,1.5,0.0016638066666665,0.0016631153700343,-1.0474496185097828,Low
Fondo de Fondos,-PHI RV ESTRATEGIA GLOBAL SERIE A,PRUDENTIALSAF SAF,26/06/2023,$,11.96,0.1057,0.0797,,,,,,,,,,,75.0,1,Fondo de Fondos,210,0.1057,0.0797,0.1236,0.0335232754962876,0.1938242899999997,1.5,0.1292161933333331,0.1253655267587299,3.1430558380370086,Low
Fondo de Fondos,-PHI RV ESTRATEGIA GLOBAL SERIE B,PRUDENTIALSAF SAF,26/06/2023,$,12.13,0.1131,0.0877,,,,,,,,,,,6.0,1,Fondo de Fondos,211,0.1131,0.0877,0.1338666666666666,0.0357953597241007,0.2107188699999997,1.5,0.1404792466666665,0.1359578250306461,3.23946528053949,Low
Fondo de Fondos,Scotia FdF CP Internacional,SCOTIA FONDOS,24/09/2021,$,10.7,0.0212,0.0321,-0.022,-0.0041,,,,,,,,2896979.42,34.0,3,Fondo de Fondos,212,0.0321,-0.022,0.0077714285714285,0.0212101078137143,0.0265666974709041,3.5,0.0075904849916869,0.007519539658185,-0.5884204102793432,Low
Fondo de Fondos,SCOTIA FF INSTITU RF GLOBAL,SCOTIA FONDOS,26/07/2023,$,1075.01,0.018,0.0473,,,,,,,,,,103574492.26,31.0,1,Fondo de Fondos,213,0.0473,0.018,0.0435333333333333,0.0182501902577601,0.0661513999999999,1.5,0.0441009333333333,0.0436284771049533,1.294697576914643,Low
Fondo de Fondos,Scotia Fondo de F. Acc. Europa,SCOTIA FONDOS,20/03/2018,$,11.83,0.0921,0.2338,-0.2674,0.0829,0.0873,0.2057,-0.1684,,,,,32887421.51,207.0,6,Fondo de Fondos,214,0.2338,-0.2674,0.0409230769230769,0.1731077990530292,0.1653746603624779,6.5,0.0254422554403812,0.023824392628843,0.0220925495544629,Medium High
Fondo de Fondos,SCOTIA FONDO DE F. ACC. US,SCOTIA FONDOS,19/06/2014,$,24.76,0.1791,0.3052,-0.2852,0.2695,0.1265,0.1987,-0.0475,0.2565,0.0328,0.0277,0.0228,118501749.41,608.0,10,Fondo de Fondos,215,0.3052,-0.2852,0.1034380952380952,0.1646191622931677,1.450120462165269,10.5,0.1381067106824065,0.0890942627435467,0.4197218706562106,Medium High
Fondo de Fondos,SCOTIA FONDO DE F. DEUDA HY,SCOTIA FONDOS,28/03/2018,$,10.92,0.015,0.0999,-0.1286,0.0172,0.0091,0.096,-0.0173,,,,,45431210.52,176.0,6,Fondo de Fondos,216,0.0999,-0.1286,0.0140461538461538,0.071166949966541,0.0754961690935505,6.5,0.0116147952451616,0.0112601711575159,-0.1228074105549419,Medium Low
Fondo de Fondos,Scotia Fondo de F. Deuda IG,SCOTIA FONDOS,05/04/2018,$,10.09,0.0143,0.0572,-0.1308,-0.037,0.0298,0.075,0.0005,,,,,55822107.35,188.0,6,Fondo de Fondos,217,0.075,-0.1308,0.0013846153846153,0.0637582006394024,-0.0058588987030344,6.5,-0.000901369031236,-0.0009036114024795,-0.3278576119282939,Medium Low
Fondo de Fondos,SFdF Acciones Emergentes,SCOTIA FONDOS,19/08/2014,$,4.33,0.0571,0.0629,-0.3307,-0.0097,-0.1362,0.0579,-0.1933,0.2462,0.2347,-0.3708,-0.1775,22246761.41,226.0,10,Fondo de Fondos,218,0.2462,-0.3708,-0.0532761904761904,0.1982319658846553,-0.5628406481819449,10.5,-0.0536038712554233,-0.0757803103828808,-0.4831728826147656,Medium High
Fondo de Fondos,SFdF DISTRIBUTIVO HY,SCOTIA FONDOS,03/11/2020,$,979.48,-0.0088,0.0431,-0.1227,-0.025,0.1089,,,,,,,5783674.62,23.0,4,Fondo de Fondos,219,0.1089,-0.1227,-0.001,0.0767731072707103,-0.0193085989739051,4.5,-0.0042907997719789,-0.0043233926293225,-0.3168217816631498,Medium Low
Fondo de Fondos,SFdF Distributivo HY II,SCOTIA FONDOS,12/09/2020,$,795.14,-0.0077,0.0343,-0.187,-0.0538,0.0104,,,,,,,84765869.1,208.0,4,Fondo de Fondos,220,0.0343,-0.187,-0.0452888888888888,0.0787439472884608,-0.2022692319266197,4.5,-0.0449487182059154,-0.0489785806732526,-0.8759858128595592,Medium Low
Fondo de Fondos,SFdF DISTRIBUTIVO IG,SCOTIA FONDOS,03/11/2020,$,936.68,-0.0046,0.0315,-0.1167,-0.0233,0.0585,,,,,,,226009983.16,343.0,4,Fondo de Fondos,221,0.0585,-0.1167,-0.0121333333333333,0.0600142797822133,-0.0623793810455313,4.5,-0.0138620846767847,-0.0142113559117182,-0.5700535945089799,Medium Low
Fondo de Fondos,SFdF Igualdad de Genero,SCOTIA FONDOS,17/09/2021,$,10.36,0.114,0.143,-0.2236,0.0489,,,,,,,,7567654.36,76.0,3,Fondo de Fondos,222,0.143,-0.2236,0.0235142857142857,0.1450641281485888,0.03693380559992,3.5,0.0105525158856914,0.0104161874381336,-0.0660660404759036,Medium
Fondo de Fondos,SURA ACC. NORTEAMERICANAS,FONDOS SURA SAF,21/02/2014,$,26.34,0.1407,0.2341,-0.1909,0.1929,0.1781,0.2678,-0.0723,0.1765,0.0867,-0.0039,0.0867,89678188.01,749.0,10,Fondo de Fondos,223,0.2678,-0.1909,0.1044190476190476,0.1328307620940374,1.6054497368504053,10.5,0.1528999749381338,0.0954886343453833,0.5683068677415343,Medium
Fondo de Fondos,SURA ACCIONES GLOBALES,FONDOS SURA SAF,24/07/2018,$,14.79,0.0953,0.1976,-0.2098,0.1377,0.129,0.2325,-0.107,,,,,42033760.3,463.0,6,Fondo de Fondos,224,0.2325,-0.2098,0.0731230769230769,0.1517373311858407,0.4653520870133334,6.5,0.071592628771282,0.0605460639613391,0.2672121859826319,Medium High
Fondo de Fondos,-SURA BONOS GLOBALES SERIE A,FONDOS SURA SAF,26/09/2017,$,103.9,0.0109,0.0583,-0.0782,-0.0117,0.037,0.0816,-0.0617,,,,,,249.0,7,Fondo de Fondos,225,0.0816,-0.0782,0.0055692307692307,0.0553149192117723,0.0257219353791113,6.5,0.0039572208275555,0.0039148263561012,-0.2907926807651449,Medium Low
Fondo de Fondos,-SURA BONOS GLOBALES SERIE B,FONDOS SURA SAF,26/09/2017,$,84.86,-0.0059,0.0189,-0.1094,-0.0433,0.002,0.0713,-0.0733,,,,,,81.0,7,Fondo de Fondos,226,0.0713,-0.1094,-0.0214923076923076,0.0559647009415693,-0.1415043671391775,6.5,-0.0217699026367965,-0.0231995296920644,-0.7719067370192408,Medium Low
Fondo de Fondos,-SURA CAPITAL ESTRATEGICO I SERIE A,FONDOS SURA SAF,10/02/2013,S/.,140.35,0.0474,0.0406,-0.1345,0.0105,0.1127,0.0632,0.014,0.0707,0.0074,0.0823,0.0321,,204.0,11,Fondo de Fondos,227,0.1127,-0.1345,0.0329904761904761,0.0610218923511406,0.3777485983321418,10.5,0.0359760569840135,0.0309895981024894,0.180092712288429,Medium Low
Fondo de Fondos,-SURA CAPITAL ESTRATEGICO I SERIE B,FONDOS SURA SAF,10/02/2013,S/.,144.03,0.0487,0.0431,-0.1325,0.0129,0.1153,0.0657,0.0164,0.0733,0.0098,0.0849,0.0346,,122.0,11,Fondo de Fondos,228,0.1153,-0.1325,0.035447619047619,0.0611557349117426,0.4126132364395641,10.5,0.0392964987085299,0.0334463378160947,0.2198704313749138,Medium Low
Fondo de Fondos,-SURA CAPITAL ESTRATEGICO II SERIE A,FONDOS SURA SAF,10/02/2013,S/.,142.54,0.0675,0.0558,-0.1228,0.0156,0.1253,0.0798,-0.025,0.1022,-0.001,0.0572,0.0069,,262.0,11,Fondo de Fondos,229,0.1253,-0.1228,0.0344285714285714,0.0657807962401556,0.3943008897471506,10.5,0.0375524656902048,0.0321628851794095,0.1849002425419835,Medium Low
Fondo de Fondos,-SURA CAPITAL ESTRATEGICO II SERIE B,FONDOS SURA SAF,10/02/2013,S/.,145.87,0.0688,0.0583,-0.1207,0.018,0.1279,0.0824,-0.0227,0.1048,-0.0014,0.0597,0.0092,,220.0,11,Fondo de Fondos,230,0.1279,-0.1207,0.0366,0.0660071690321313,0.4253180168346725,10.5,0.0405064777937783,0.0343279589660818,0.2170667092101347,Medium Low
Fondo de Fondos,SURA DEUDA PRIV. GLOBAL,FONDOS SURA SAF,30/06/2022,$,10074.99,0.0052,0.0,0.0023,,,,,,,,,107998646.77,292.0,2,Fondo de Fondos,231,0.0052,0.0,0.003,0.0021855586623714,0.0075119599999999,2.5,0.0030047839999999,0.0029980394524549,-7.779228643122951,Low
Fondo de Fondos,Sura Real Estate Global Income,FONDOS SURA SAF,07/05/2018,$,11498.41,-0.0452,-0.1216,0.0551,0.1873,0.0479,0.0366,0.005,,,,,977081116.82,2297.0,6,Fondo de Fondos,232,0.1873,-0.1216,0.0254,0.0884266524139801,0.146980237070321,6.5,0.0226123441646647,0.0213214461867954,0.0149439806972328,Medium Low
Fondo de Fondos,-SURA SELECCION GLOBAL I SERIE A,FONDOS SURA SAF,09/08/2016,$,126.25,0.0433,0.1079,-0.1232,0.0056,0.0769,0.1241,-0.0563,0.0879,-0.0071,,,,277.0,8,Fondo de Fondos,233,0.1241,-0.1232,0.0304823529411764,0.0771394403181352,0.2576052533014072,8.5,0.0303065003884008,0.0273326697939519,0.0950573372545989,Medium Low
Fondo de Fondos,-SURA SELECCION GLOBAL I SERIE B,FONDOS SURA SAF,09/08/2016,$,128.61,0.0446,0.1105,-0.1211,0.008,0.0795,0.1267,-0.0541,0.0908,-0.0064,,,,3.0,8,Fondo de Fondos,234,0.1267,-0.1211,0.0327647058823529,0.0774065475177385,0.2814493924781734,8.5,0.0331116932327262,0.02960527739742,0.1240886941149115,Medium Low
Flexible Dólares,BDC DEUDA DIVERSIFICADA FMIV,BD CAPITAL SAF,16/03/2021,$,92.02,0.0559,-0.0185,-0.1471,0.0437,,,,,,,,22072655.77,10.0,3,Flexible,235,0.0559,-0.1471,-0.0188571428571428,0.0805425112747856,-0.0774564183925794,3.5,-0.0221304052550226,-0.022771206420676,-0.5310388978902608,Medium Low
Flexible Dólares,SCOTIA DEPÓSITO DISPONIBLE $,SCOTIA FONDOS,17/08/2011,$,11.55,0.0218,0.0057,0.0091,0.0059,0.0139,0.023,0.0176,0.0105,0.0067,0.0056,0.0017,193362217.72,3341.0,13,Flexible,236,0.023,0.0017,0.0115714285714285,0.0067939171199701,0.1281595985270009,10.5,0.0122056760501905,0.0115507367689466,-1.2436512076688944,Low
Flexible Dólares,SF INSTITUCIONAL DE RENTA $ II,SCOTIA FONDOS,25/09/2019,$,1033.02,0.0323,0.021,-0.0974,-0.0002,0.0623,0.0213,,,,,,32874524.13,16.0,5,Flexible,237,0.0623,-0.0974,0.0071454545454545,0.0500845658140546,0.0319072040763401,5.5,0.0058013098320618,0.0057270178369848,-0.2849776559111136,Medium Low
Inst Deuda Duración Flexibl $,BBVA Distributivo $ FMIV,CONTINENTAL FM,20/12/2023,$,103.26,0.0239,0.0024,,,,,,,,,,28618052.81,107.0,1,Renta Fija,238,0.0239,0.0024,0.0175333333333333,0.0116093113969395,0.0263573599999999,1.5,0.0175715733333332,0.0174952738567253,-0.2157514823777537,Low
Inst Deuda Duración Flexibl $,BBVA Super $ 10,CONTINENTAL FM,07/05/2023,$,106.11,0.0281,0.0265,,,,,,,,,,59042325.39,186.0,1,Renta Fija,239,0.0281,0.0265,0.0363999999999999,0.0091350971532874,0.0553446499999999,1.5,0.0368964333333333,0.0365642074302901,1.81324918086166,Low
Inst Deuda Duración Flexibl $,BBVA SUPER $ 11,CONTINENTAL FM,09/01/2023,$,105.03,0.0276,0.0178,,,,,,,,,,66064287.23,187.0,1,Renta Fija,240,0.0276,0.0178,0.0302666666666666,0.0090146793866695,0.04589128,1.5,0.0305941866666666,0.0303648343355742,1.149772930460651,Low
Inst Deuda Duración Flexibl $,BBVA Super $ 12,CONTINENTAL FM,11/02/2023,$,104.08,0.0259,0.0088,,,,,,,,,,71412176.96,207.0,1,Renta Fija,241,0.0259,0.0088,0.0231333333333333,0.010322279033452,0.0349279199999999,1.5,0.0232852799999999,0.023151791264413,0.3053387003198429,Low
Inst Deuda Duración Flexibl $,BBVA SUPER DOLARES 13,CONTINENTAL FM,21/12/2023,$,102.87,0.0254,0.0,,,,,,,,,,48081050.11,137.0,1,Renta Fija,242,0.0254,0.0,0.0169333333333333,0.0133869754280461,0.0254,1.5,0.0169333333333333,0.016862446335792,-0.234373602989865,Low
Inst Deuda Duración Flexibl $,BBVA SUPER DOLARES 14,CONTINENTAL FM,03/07/2024,$,102.27,0.015,,,,,,,,,,,123044865.66,320.0,0,Renta Fija,243,0.015,0.015,0.03,,0.0149999999999998,0.5,0.0299999999999997,0.0302249999999997,,
Inst Deuda Duración Flexibl $,CC RENTA DOLARES 3Y VI,CREDIFONDO SAF,19/12/2023,$,102.91,0.0236,0.004,,,,,,,,,,36578122.26,122.0,1,Renta Fija,244,0.0236,0.004,0.0184,0.0108258948821794,0.0276944000000001,1.5,0.0184629333333334,0.018378745658051,-0.1497570740888737,Low
Inst Deuda Duración Flexibl $,CC RENTA DOLARES 3Y VII,CREDIFONDO SAF,17/06/2024,$,100.53,0.0008,,,,,,,,,,,25952105.06,93.0,0,Renta Fija,245,0.0008,0.0008,0.0016,,0.0007999999999998,0.5,0.0015999999999996,0.0016006399999999,,
Inst Deuda Duración Flexibl $,CC RENTA DOLARES 4Y VI,CREDIFONDO SAF,08/11/2022,$,107.43,0.0233,0.0599,-0.0105,,,,,,,,,25067948.09,107.0,2,Renta Fija,246,0.0599,-0.0105,0.02908,0.0291539431295322,0.0732074154650003,2.5,0.0292829661860001,0.0286638218065176,0.297174957364219,Low
Inst Deuda Duración Flexibl $,CC RENTA OPTIM INST V,CREDIFONDO SAF,04/02/2024,$,101.21,0.0119,,,,,,,,,,,53602494.02,25.0,0,Renta Fija,247,0.0119,0.0119,0.0238,,0.0118999999999999,0.5,0.0237999999999999,0.02394161,,
Inst Deuda Duración Flexibl $,CC RENTA OPTIMIZAD DOLARES II,CREDIFONDO SAF,13/06/2023,$,0.0,,0.0265,,,,,,,,,,,1.0,1,Renta Fija,248,0.0265,0.0265,0.0265,,0.0264999999999999,1.0,0.0264999999999999,0.0264999999999999,,
Inst Deuda Duración Flexibl $,CC RENTA OPTIMIZAD DOLARES IV,CREDIFONDO SAF,26/06/2023,$,105.18,0.0266,0.0236,,,,,,,,,,26444668.86,116.0,1,Renta Fija,249,0.0266,0.0236,0.0334666666666666,0.0085000653592258,0.0508277600000001,1.5,0.0338851733333334,0.0336044206327676,1.6005077676257708,Low
Inst Deuda Duración Flexibl $,CC RENTA OPTIMIZAD DOLARES VI,CREDIFONDO SAF,25/07/2023,$,104.64,0.0237,0.0207,,,,,,,,,,86188975.16,257.0,1,Renta Fija,250,0.0237,0.0207,0.0295999999999999,0.007550496672405,0.0448905899999999,1.5,0.0299270599999999,0.0297075064374259,1.2856778644647469,Low
Inst Deuda Duración Flexibl $,CRED DEUDA CORP LATAM HY,CREDIFONDO SAF,24/01/2019,$,119.38,0.0489,0.0655,-0.0884,0.0034,0.0484,0.1111,,,,,,109069813.77,101.0,5,Renta Fija,251,0.1111,-0.0884,0.0343454545454545,0.0623101098810492,0.1908199793085724,5.5,0.0346945416924677,0.0322626228547073,0.1967998913517706,Medium Low
Inst Deuda Duración Flexibl $,FdF IF XXVII Rend Global 321,INTERFONDO,17/05/2024,$,50.42,0.0056,,,,,,,,,,,29052794.99,175.0,0,Renta Fija,252,0.0056,0.0056,0.0112,,0.0056,0.5,0.0112,0.01123136,,
Inst Deuda Duración Flexibl $,IF Enfoque LATAM,INTERFONDO,09/07/2017,$,46.12,0.0193,0.0519,-0.1299,-0.0481,0.0285,0.0622,-0.0359,-0.0129,,,,9154329.2,112.0,7,Renta Fija,253,0.0622,-0.1299,-0.0086533333333333,0.0590189257310266,-0.0767255812687004,7.5,-0.0102300775024933,-0.0105873917341061,-0.5182641221479595,Medium Low
Inst Deuda Duración Flexibl $,IF LIBRE DISPONIBILIDAD,INTERFONDO,07/07/2015,$,0.0,,0.0428,0.0145,0.0041,0.0099,0.0213,0.0171,0.0094,0.0062,0.0018,,2486392757.64,20331.0,9,Renta Fija,254,0.0428,0.0018,0.0141222222222222,0.011728955412215,0.1338459159728879,9.0,0.0148717684414319,0.0140551149875021,-0.5068554533259311,Low
Inst Deuda Duración Flexibl $,SURA PLAZO DEFINIDO $ II,FONDOS SURA SAF,14/12/2023,$,103.01,0.0247,0.0027,,,,,,,,,,21865136.51,128.0,1,Renta Fija,255,0.0247,0.0027,0.0182666666666666,0.0119102663464947,0.0274666899999999,1.5,0.0183111266666666,0.0182283095046218,-0.1487532221224911,Low
Inst Deuda Duración Flexibl S/,IF LIBRE DISPONIBILIDAD S/.,INTERFONDO,05/07/2015,S/.,0.0,,,,,,0.0273,0.0267,0.0358,0.0383,0.0189,,1586762920.43,36555.0,9,Renta Fija,256,0.0383,0.0189,0.0294,0.0069587355173192,0.1557693497396789,5.0,0.0311538699479357,0.0293764650378169,1.3474380531463528,Low
Inst Deuda Duración Flexibl S/,-IF LIBRE DISPONIBILIDAD S/. SERIE A,INTERFONDO,05/07/2015,S/.,133.9,0.027,0.0639,0.0395,0.0052,,,,,,,,,36164.0,9,Renta Fija,257,0.0639,0.0052,0.0387428571428571,0.02177425694039,0.1416900761466202,3.5,0.0404828788990343,0.0385857279510968,0.8535642801486998,Low
Inst Deuda Duración Flexibl S/,-IF LIBRE DISPONIBILIDAD S/. SERIE B,INTERFONDO,05/07/2015,S/.,134.57,0.028,0.0654,0.0407,0.0064,,,,,,,,,169.0,9,Renta Fija,258,0.0654,0.0064,0.0401428571428571,0.0219332114681394,0.1471018753429759,3.5,0.0420291072408502,0.0399899438794426,0.911400681495294,Low
Inst Deuda Duración Flexibl S/,SURA DEUDA SOBER. DISTRIB. S/,FONDOS SURA SAF,26/04/2023,S/.,109.39,0.0113,0.0473,,,,,,,,,,37470755.08,197.0,1,Renta Fija,259,0.0473,0.0113,0.0390666666666666,0.0204789593919656,0.05913449,1.5,0.0394229933333333,0.0390443229864732,0.9299458347451344,Low
Inst Deuda Duración Flexibl S/,SURA PLAZO DEFINIDO S/ III,FONDOS SURA SAF,26/09/2023,S/.,105.73,0.0368,0.0198,,,,,,,,,,103315031.35,23.0,1,Renta Fija,260,0.0368,0.0198,0.0377333333333333,0.0126979438405506,0.0573286399999999,1.5,0.0382190933333332,0.037862923256231,1.406757147498652,Low
Inst Deuda Duración Flexibl S/,Sura Plazo Definido S/ IV,FONDOS SURA SAF,17/05/2024,S/.,100.63,0.0062,,,,,,,,,,,115219923.63,10.0,0,Renta Fija,261,0.0062,0.0062,0.0124,,0.0062,0.5,0.0124,0.0124384399999999,,
Fondo Bursátil - ETF,VANECK EL DOORADO PERU ETF,EL DORADO SAF,03/11/2021,$,12.49,0.1439,0.2915,0.0086,-0.1739,,,,,,,,397579340.44,1.0,3,Fondo Bursátil - ETF,262,0.2915,-0.1739,0.0771714285714285,0.1718490193721909,0.2309319843869508,3.5,0.0659805669677002,0.0611607035410617,0.2395166623087664,Medium High
Instrumento de Deuda,BBVA DISTRIBUTIVO $ II,CONTINENTAL FM,04/02/2024,$,101.41,0.0095,,,,,,,,,,,28745976.09,82.0,0,Renta Fija,263,0.0095,0.0095,0.019,,0.0095,0.5,0.019,0.01909025,,
Instrumento de Deuda,BBVA SUPER DOLARES 15,CONTINENTAL FM,26/04/2024,$,101.55,0.0088,,,,,,,,,,,107653253.78,364.0,0,Renta Fija,264,0.0088,0.0088,0.0176,,0.0087999999999999,0.5,0.0175999999999999,0.0176774399999999,,
Instrumento de Deuda,BBVA SUPER DOLARES 16,CONTINENTAL FM,06/11/2024,$,100.86,0.0027,,,,,,,,,,,105865877.53,328.0,0,Renta Fija,265,0.0027,0.0027,0.0054,,0.0026999999999999,0.5,0.0053999999999999,0.0054072899999999,,
