timestamp,open,high,low,close,adjusted close,volume,dividend amount,ticker
2024-09-25,44.54,48.11,41.355,46.87,46.87,106493095,0.0,ARKK
2024-08-30,45.37,46.405,36.85,44.82,44.82,170225601,0.0,ARKK
2024-07-31,44.05,49.555,44.05,45.53,45.53,188342271,0.0,ARKK
2024-06-28,43.0,45.9,42.34,43.95,43.95,134707576,0.0,ARKK
2024-05-31,43.1,46.66,41.78,42.45,42.45,237150158,0.0,ARKK
2024-04-30,50.07,50.11,41.575,43.46,43.46,270857390,0.0,ARKK
2024-03-28,51.07,52.428,47.45,50.08,50.08,225479114,0.0,ARKK
2024-02-29,45.8,52.33,44.625,51.25,51.25,305239580,0.0,ARKK
2024-01-31,51.7999,51.84,45.02,45.41,45.41,377110738,0.0,ARKK
2023-12-29,46.55,54.52,46.07,52.37,52.37,381416881,0.0,ARKK
2023-11-30,35.25,48.015,34.54,46.11,46.11,401030460,0.0,ARKK
2023-10-31,39.69,40.81,33.76,35.08,35.08,343688862,0.0,ARKK
2023-09-29,44.11,45.16,38.135,39.67,39.67,256790612,0.364,ARKK
2023-08-31,49.81,49.83,39.32,43.75,43.3884,354094210,0.0,ARKK
2023-07-31,44.52,51.33,42.749,50.45,50.0331,326787229,0.0,ARKK
2023-06-30,40.15,45.0,39.8098,44.14,43.7752,309653600,0.0,ARKK
2023-05-31,35.76,41.28,34.72,40.49,40.1554,360780443,0.0,ARKK
2023-04-28,39.78,40.02,34.97,35.92,35.6231,295675812,0.0,ARKK
2023-03-31,39.46,40.98,34.81,40.34,40.0066,633351926,0.0,ARKK
2023-02-28,40.1,45.46,38.05,39.62,39.2926,641463703,0.0,ARKK
2023-01-31,31.84,40.69,30.02,39.93,39.6,489062471,0.0,ARKK
2022-12-30,37.7,38.375,29.43,31.24,30.9818,483292824,0.0,ARKK
2022-11-30,39.47,41.29,32.51,37.48,37.1702,549062750,0.0,ARKK
2022-10-31,38.0,40.969,33.74,38.28,37.9636,523960115,0.0,ARKK
2022-09-30,41.16,45.68,37.09,37.73,37.4182,496892593,0.0,ARKK
2022-08-31,44.49,53.86,41.1801,41.88,41.5339,523577755,0.0,ARKK
2022-07-29,40.37,49.34,39.84,45.13,44.757,505026179,0.0,ARKK
2022-06-30,44.18,46.94,35.65,39.88,39.5504,648988519,0.0,ARKK
2022-05-31,47.0,52.71,35.1,44.09,43.7256,900306328,0.0,ARKK
2022-04-29,66.7653,70.84,45.89,47.13,46.7405,466528132,0.0,ARKK
2022-03-31,70.2,72.005,51.85,66.29,65.7421,571879613,0.0,ARKK
2022-02-28,76.69,78.25,57.5,70.47,69.8876,476050891,0.0,ARKK
2022-01-31,96.0,97.17,64.35,75.43,74.8066,536498057,0.0,ARKK
2021-12-31,106.75,106.98,89.03,94.59,93.8083,306979030,0.5249,ARKK
2021-11-30,121.93,125.86,103.58,105.69,104.2334,125371499,0.0,ARKK
2021-10-29,111.02,124.45,106.35,121.28,119.6086,104414053,0.0,ARKK
2021-09-30,122.5,126.32,109.6,110.53,109.0067,124540149,0.0,ARKK
2021-08-31,120.54,126.25,113.54,122.03,120.3482,115021358,0.0,ARKK
2021-07-30,130.75,131.55,113.27,120.0,118.3462,152409852,0.0,ARKK
2021-06-30,112.85,132.5,107.39,130.78,128.9777,180730937,0.0,ARKK
2021-05-28,121.21,121.41,97.22,112.1,110.5551,301702872,0.0,ARKK
2021-04-30,122.96,130.28,116.54,120.77,119.1056,164351500,0.0,ARKK
2021-03-31,134.54,138.37,106.25,119.95,118.2969,391835714,0.0,ARKK
2021-02-26,139.98,159.7,126.07,130.36,128.5634,225062452,0.0,ARKK
2021-01-29,126.22,149.85,122.44,137.44,135.5459,146028677,0.0,ARKK
2020-12-31,114.0,137.08,109.6,124.49,122.7743,115586694,2.0443,ARKK
2020-11-30,91.97,113.76,89.39,112.37,109.0285,61428414,0.0,ARKK
2020-10-30,93.39,106.15,89.95,90.79,88.0902,56749596,0.0,ARKK
2020-09-30,96.45,98.9,81.33,92.0,89.2643,58999586,0.0,ARKK
2020-08-31,81.31,95.68,81.2,95.33,92.4952,39470917,0.0,ARKK
2020-07-31,71.47,84.95,71.33,80.37,77.9801,40094133,0.0,ARKK
2020-06-30,63.36,73.449,60.611,71.31,69.1895,30410756,0.0,ARKK
2020-05-29,53.82,64.9,51.53,62.82,60.952,16276284,0.0,ARKK
2020-04-30,42.42,57.0,39.41,55.33,53.6847,17504898,0.0,ARKK
2020-03-31,53.55,55.548,33.0,44.0,42.6916,20498550,0.0,ARKK
2020-02-28,52.31,60.73,49.6,52.84,51.2687,11801027,0.0,ARKK
2020-01-31,50.64,54.404,49.43,51.8,50.2597,6519587,0.0,ARKK
2019-12-31,50.32,52.01,48.13,50.05,48.5617,4144750,0.191,ARKK
2019-11-29,44.6,50.466,44.404,50.43,48.7483,3818061,0.0,ARKK
2019-10-31,43.14,44.761,40.12,44.23,42.7551,5347099,0.0,ARKK
2019-09-30,43.95,45.89,42.28,42.89,41.4598,4650934,0.0,ARKK
2019-08-30,48.46,48.75,42.65,44.32,42.8421,7080720,0.0,ARKK
2019-07-31,48.76,49.92,47.08,48.46,46.844,4443150,0.0,ARKK
2019-06-28,40.73,48.05,39.88,47.98,46.38,6329801,0.0,ARKK
2019-05-31,47.5,48.855,40.675,40.73,39.3718,8556570,0.0,ARKK
2019-04-30,47.32,49.08,46.413,47.22,45.6454,6968332,0.0,ARKK
2019-03-29,46.85,48.15,43.38,46.73,45.1717,8063962,0.0,ARKK
2019-02-28,43.01,46.84,42.125,46.56,45.0074,5948558,0.0,ARKK
2019-01-31,36.27,43.24,35.91,43.05,41.6144,7700830,0.0,ARKK
2018-12-31,46.0,46.0,34.75,37.19,35.9498,9026570,1.1684,ARKK
2018-11-30,43.18,46.22,39.89,44.45,41.6314,5898211,0.0,ARKK
2018-10-31,48.35,48.48,39.39,42.58,39.88,9738632,0.0,ARKK
2018-09-28,49.43,49.5,46.18,47.34,44.3382,5289607,0.0,ARKK
2018-08-31,44.65,49.87,44.35,49.7,46.5485,7171429,0.0,ARKK
2018-07-31,44.78,47.95,43.51,44.55,41.7251,6617513,0.0,ARKK
2018-06-29,43.84,48.57,43.57,44.98,42.1278,9553585,0.0,ARKK
2018-05-31,39.03,43.939,38.57,43.48,40.7229,5338344,0.0,ARKK
2018-04-30,38.73,41.864,37.2,39.09,36.6113,5484034,0.0,ARKK
2018-03-29,41.0,45.35,37.93,39.07,36.5926,9102028,0.0,ARKK
2018-02-28,40.69,42.54,36.36,40.91,38.3159,8615645,0.0,ARKK
2018-01-31,37.34,42.549,37.247,41.24,38.625,8730937,0.0,ARKK
2017-12-29,37.25,39.956,36.06,37.08,34.7287,7050574,0.488,ARKK
2017-11-30,35.76,38.2,33.98,37.2,34.3942,4156989,0.0,ARKK
2017-10-31,34.44,35.64,33.57,35.51,32.8316,2674711,0.0,ARKK
2017-09-29,34.37,34.56,32.95,34.2878,31.7016,2177179,0.0,ARKK
2017-08-31,29.83,34.32,29.2775,34.142,31.5668,1952810,0.0,ARKK
2017-07-31,29.16,30.51,28.336,29.6222,27.3879,1318579,0.0,ARKK
2017-06-30,28.48,30.9999,27.7,28.95,26.7664,1788005,0.0,ARKK
2017-05-31,25.48,29.08,25.3504,28.35,26.2117,1106775,0.0,ARKK
2017-04-28,24.11,25.65,23.63,25.17,23.2715,187289,0.0,ARKK
2017-03-31,23.2964,23.9822,22.87,23.96,22.1528,77191,0.0,ARKK
2017-02-28,22.41,23.43,22.2,23.125,21.3808,89186,0.0,ARKK
2017-01-31,20.4575,22.336,20.435,22.0912,20.4249,158380,0.0,ARKK
2016-12-30,19.64,20.99,19.64,20.05,18.5377,38738,0.0,ARKK
2016-11-30,20.06,21.07,19.19,20.11,18.5932,47774,0.0,ARKK
2016-10-31,22.2095,22.4099,19.89,19.9168,18.4146,209003,0.0,ARKK
2016-09-30,20.4696,22.1815,20.4696,22.18,20.5071,37494,0.0,ARKK
2016-08-31,20.71,21.42,20.154,20.6136,19.0588,27833,0.0,ARKK
2016-07-29,19.4505,20.7,19.19,20.59,19.037,10357,0.0,ARKK
2016-06-30,19.5196,20.01,18.25,19.29,17.835,81662,0.0,ARKK
2016-05-31,18.9803,19.54,17.93,19.49,18.0199,27226,0.0,ARKK
2016-04-29,19.13,20.02,18.8799,18.88,17.456,30611,0.0,ARKK
2016-03-31,17.4846,19.23,17.4846,19.13,17.6871,21760,0.0,ARKK
2016-02-29,16.875,17.0995,14.6705,17.0995,15.8098,23435,0.0,ARKK
2016-01-29,19.98,20.24,16.41,16.74,15.4774,24324,0.0,ARKK
2015-12-31,21.27,21.602,19.99,20.4601,18.9169,19000,0.4651,ARKK
2015-11-30,19.933,21.27,19.82,21.2,19.1739,16204,0.0,ARKK
2015-10-30,18.53,20.02,18.53,19.9,17.9981,13165,0.0,ARKK
2015-09-30,19.5,20.75,18.6899,18.79,16.9942,22123,0.0,ARKK
2015-08-31,21.11,21.305,17.51,20.1,18.179,34873,0.0,ARKK
2015-07-31,21.4,21.97,20.74,21.5,19.4452,44018,0.0,ARKK
2015-06-30,21.475,22.23,21.16,21.35,19.3095,38529,0.0,ARKK
2015-05-29,20.84,21.596,20.58,21.596,19.532,17318,0.0,ARKK
2015-04-30,20.5,22.24,20.5,20.955,18.9523,31135,0.0,ARKK
2015-03-31,21.54,21.54,20.5776,20.835,18.8437,49880,0.0,ARKK
2015-02-27,20.2,21.75,20.12,21.51,19.4542,42812,0.0,ARKK
2015-01-30,21.0,21.0,19.36,20.24,18.3056,40528,0.0,ARKK
2014-12-31,20.27,20.65,18.95,20.16,18.2332,35112,0.0,ARKK
2014-11-28,20.49,20.69,20.0,20.59,18.6222,63698,0.0,ARKK
2024-09-25,23.4722,25.16,22.5472,25.16,25.16,51760,0.0,AZTD
2024-08-30,21.5158,23.4722,20.1185,23.4722,23.4722,38139,0.0,AZTD
2024-07-31,21.45,22.6064,21.01,22.1417,22.1417,116311,0.0,AZTD
2024-06-28,21.94,22.14,21.2047,21.52,21.52,47410,0.0,AZTD
2024-05-31,20.909,22.0531,20.88,22.0531,22.0531,131033,0.0,AZTD
2024-04-30,21.48,21.48,20.12,20.9752,20.9752,671225,0.0,AZTD
2024-03-28,21.75,21.88,21.4099,21.6034,21.6034,147665,0.0,AZTD
2024-02-29,21.6973,21.8,21.02,21.7732,21.7732,158801,0.0,AZTD
2024-01-31,21.7192,22.02,21.2448,21.6944,21.6944,59825,0.0,AZTD
2023-12-29,20.74,22.0654,20.74,21.81,21.81,82297,0.027,AZTD
2023-11-30,19.095,20.88,19.095,20.7299,20.7044,39507,0.0,AZTD
2023-10-31,19.4553,19.83,18.62,19.068,19.0446,95625,0.0,AZTD
2023-09-29,21.345,21.345,19.69,19.7652,19.7409,58876,0.0,AZTD
2023-08-31,21.95,21.95,20.3256,21.1421,21.1161,28227,0.0,AZTD
2023-07-31,21.1252,22.26,20.22,22.14,22.1128,133238,0.0,AZTD
2023-06-30,19.8,21.44,19.8,21.07,21.0441,132694,0.0,AZTD
2023-05-31,20.25,20.4,19.38,19.69,19.6658,95442,0.0,AZTD
2023-04-28,20.5808,20.62,20.0178,20.4383,20.4132,68280,0.0,AZTD
2023-03-31,20.5057,20.72,19.22,20.605,20.5797,478169,0.0,AZTD
2023-02-28,21.2806,21.5403,20.2745,20.4483,20.4232,601161,0.0,AZTD
2023-01-31,19.57,21.3204,19.15,21.3204,21.2942,750868,0.0,AZTD
2022-12-30,20.7,21.72,19.3928,19.79,19.7657,1039081,0.0,AZTD
2022-11-30,19.542,20.9766,19.0198,20.9766,20.9508,57809,0.0,AZTD
2022-10-31,18.12,19.37,17.9457,19.37,19.3462,22369,0.0,AZTD
2022-09-30,19.43,20.11,17.6878,18.1001,18.0779,102941,0.0,AZTD
2024-09-25,22.1462,23.62,21.4962,23.0,23.0,54437,0.0,NRSH
2024-08-30,21.882,22.307,20.909,22.1462,22.1462,4489,0.0,NRSH
2024-07-31,20.4956,22.27,20.2206,22.0953,22.0953,22717,0.0,NRSH
2024-06-28,20.5,20.84,20.13,20.58,20.58,16503,0.0,NRSH
2024-05-31,20.27,20.9061,20.0357,20.7738,20.7738,10746,0.0,NRSH
2024-04-30,21.77,21.8192,19.9816,20.0464,20.0464,11686,0.0,NRSH
2024-03-28,21.49,21.99,20.8149,21.9845,21.9845,24144,0.0,NRSH
2024-02-29,21.0899,22.0,21.0899,21.5794,21.5794,33307,0.0,NRSH
2024-01-31,22.0,22.0,21.023,21.2136,21.2136,26817,0.0,NRSH
2023-12-29,20.365,22.2089,20.365,22.0553,22.0553,79182,0.0367,NRSH
2024-09-25,186.58,200.46,182.32,199.67,199.67,52458964,0.4047,XLY
2024-08-30,187.57,188.13,166.48,187.12,186.7396,70286403,0.0,XLY
2024-07-31,183.11,194.79,180.04,187.49,187.1089,59634041,0.0,XLY
2024-06-28,176.09,184.71,174.25,182.4,182.0292,54015651,0.3918,XLY
2024-05-31,175.71,179.99,173.21,175.97,175.2339,71179878,0.0,XLY
2024-04-30,184.09,184.29,168.9,175.62,174.8853,109151957,0.0,XLY
2024-03-28,184.25,185.29,177.565,183.89,183.1208,83271845,0.3872,XLY
2024-02-29,171.72,184.835,171.12,184.41,183.2422,98865796,0.0,XLY
2024-01-31,178.25,178.33,169.7246,170.92,169.8376,101944662,0.0,XLY
2023-12-29,168.06,182.19,167.73,178.81,177.6777,99736785,0.3204,XLY
2023-11-30,152.99,171.6,151.79,168.78,167.4131,116846075,0.0,XLY
2023-10-31,160.02,164.08,147.83,152.1,150.8682,144345481,0.0,XLY
2023-09-29,171.68,175.23,156.74,160.98,159.6763,102890092,0.3053,XLY
2023-08-31,172.87,174.62,160.93,170.71,169.0233,91637247,0.0,XLY
2023-07-31,171.51,177.8,168.37,173.74,172.0234,100871417,0.0,XLY
2023-06-30,151.48,170.35,150.43,169.81,168.1322,106875743,0.3344,XLY
2023-05-31,147.5,154.145,144.04,151.61,149.8126,93274467,0.0,XLY
2023-04-28,148.19,149.02,142.59,147.86,146.107,85538347,0.0,XLY
2023-03-31,145.02,149.63,135.71,149.54,147.7671,149864026,0.4302,XLY
2023-02-28,148.31,158.025,142.68,145.54,143.3787,95356296,0.0,XLY
2023-01-31,129.93,149.03,126.83,148.7,146.4918,90455236,0.0,XLY
2022-12-30,146.71,147.32,126.0,129.16,127.242,99618956,0.3658,XLY
2022-11-30,146.48,146.96,131.9,146.17,143.5996,106642361,0.0,XLY
2022-10-31,142.32,149.01,133.55,144.03,141.4972,132633903,0.0,XLY
2022-09-30,154.49,167.19,142.03,142.45,139.945,130413564,0.33,XLY
2022-08-31,162.86,174.76,155.47,155.51,152.4605,96793819,0.0,XLY
2022-07-29,137.7,163.48,137.03,162.83,159.637,102720754,0.0,XLY
2022-06-30,155.37,157.695,133.04,137.48,134.7841,141487569,0.3142,XLY
2022-05-31,162.38,169.8635,136.0,154.54,151.1694,194831055,0.0,XLY
2022-04-29,186.01,189.45,162.56,162.88,159.3276,196263473,0.0,XLY
2022-03-31,177.17,192.19,161.71,185.0,180.9651,284044321,0.2788,XLY
2022-02-28,185.31,190.17,161.49,177.43,173.292,224044278,0.0,XLY
2022-01-31,208.29,211.81,171.48,184.95,180.6366,238415006,0.0,XLY
2021-12-31,206.75,208.75,189.9,204.44,199.672,175306164,0.2922,XLY
2021-11-30,202.63,215.06,201.07,204.44,199.3684,166785180,0.0,XLY
2021-10-29,180.36,201.61,178.24,201.15,196.16,102707651,0.0,XLY
2021-09-30,184.28,186.39,177.38,179.45,174.9983,112079857,0.2749,XLY
2021-08-31,181.9,183.83,174.87,183.65,178.8205,79609569,0.0,XLY
2021-07-30,178.99,184.69,173.77,180.43,175.6851,87593968,0.0,XLY
2021-06-30,173.87,179.36,169.38,178.55,173.8546,80788907,0.2554,XLY
2021-05-28,179.89,179.98,165.49,172.84,168.047,89927958,0.0,XLY
2021-04-30,169.59,180.16,168.85,178.92,173.9584,62917120,0.0,XLY
2021-03-31,163.15,170.2,149.65,168.07,163.4093,121727136,0.2641,XLY
2021-02-26,163.89,173.46,159.01,161.15,156.4343,59559379,0.0,XLY
2021-01-29,161.78,171.96,157.44,162.01,157.2691,80244992,0.0,XLY
2020-12-31,158.49,161.13,155.23,160.78,156.0751,65799519,0.2961,XLY
2020-11-30,144.84,158.79,142.41,157.26,152.3723,64892001,0.0,XLY
2020-10-30,148.43,156.1415,141.74,142.97,138.5265,70402095,0.0,XLY
2020-09-30,150.23,154.14,139.0323,146.98,142.4118,91788111,0.3056,XLY
2020-08-31,137.44,151.02,136.42,150.09,145.1118,54674213,0.0,XLY
2020-07-31,127.89,138.21,127.79,137.0,132.456,80477613,0.0,XLY
2020-06-30,124.34,133.3,121.92,127.71,123.4741,101633382,0.296,XLY
2020-05-29,113.02,126.08,110.06,124.19,119.7946,100382328,0.0,XLY
2020-04-30,94.35,118.21,91.23,116.6,112.4733,98758389,0.0,XLY
2020-03-31,116.18,121.74,81.74,98.08,94.6087,199875490,0.4237,XLY
2020-02-28,126.02,132.73,112.53,115.83,111.1923,141959049,0.0,XLY
2020-01-31,126.21,128.53,122.99,125.32,120.3024,109634766,0.0,XLY
2019-12-31,122.54,126.73,119.55,125.42,120.3983,61700107,0.41,XLY
2019-11-29,121.47,123.39,119.44,122.45,117.1616,59379610,0.0,XLY
2019-10-31,120.98,123.15,115.96,120.85,115.6307,70610794,0.0,XLY
2019-09-30,119.01,124.39,118.58,120.7,115.4872,65958799,0.4044,XLY
2019-08-30,120.95,122.14,113.63,119.58,114.0325,100167204,0.0,XLY
2019-07-31,120.71,124.6,119.61,120.72,115.1196,62712524,0.0,XLY
2019-06-28,110.67,120.79,109.43,119.2,113.6701,81414483,0.4139,XLY
2019-05-31,120.27,120.33,110.62,110.94,105.4282,108677252,0.0,XLY
2019-04-30,114.77,120.9,114.41,120.07,114.1046,72083287,0.0,XLY
2019-03-29,111.11,114.06,107.66,113.85,108.1937,126495570,0.3754,XLY
2019-02-28,107.85,111.91,106.36,110.21,104.3802,82302419,0.0,XLY
2019-01-31,97.32,109.15,96.79,108.78,103.0259,114457738,0.0,XLY
2018-12-31,110.21,110.6,91.73,99.01,93.7727,184699727,0.3758,XLY
2018-11-30,105.8,112.15,100.31,107.99,101.8693,138153984,0.0,XLY
2018-10-31,117.91,118.13,100.99,105.38,99.4073,259371090,0.0,XLY
2018-09-28,116.83,118.08,114.8,117.22,110.5762,92340745,0.3512,XLY
2018-08-31,111.38,117.24,110.03,116.95,109.9911,102619229,0.0,XLY
2018-07-31,108.51,113.57,108.22,111.27,104.6491,98617025,0.0,XLY
2018-06-29,106.22,112.62,106.11,109.3,102.7963,116006074,0.2936,XLY
2018-05-31,103.36,106.54,101.36,105.76,99.2072,106855874,0.0,XLY
2018-04-30,100.68,105.25,97.48,103.7,97.2748,127581996,0.0,XLY
2018-03-29,104.18,107.4,99.18,101.29,95.0141,129229168,0.3098,XLY
2018-02-28,107.14,107.99,97.1,104.07,97.3352,184978690,0.0,XLY
2018-01-31,99.11,109.34,99.11,107.81,100.8331,106757001,0.0,XLY
2017-12-29,96.55,99.43,95.25,98.69,92.3033,92268839,0.3319,XLY
2017-11-30,92.29,97.05,91.0,96.65,90.0902,85305929,0.0,XLY
2017-10-31,90.19,92.45,90.063,91.99,85.7465,90544939,0.0,XLY
2017-09-29,89.89,90.7,88.91,90.08,83.9661,81672885,0.3179,XLY
2017-08-31,91.63,91.77,87.89,89.66,83.2792,92428471,0.0,XLY
2017-07-31,89.88,92.55,88.35,91.36,84.8582,70453302,0.0,XLY
2017-06-30,91.28,92.42,88.46,89.63,83.2513,105704497,0.2746,XLY
2017-05-31,90.26,91.09,88.13,91.05,84.3134,94047187,0.0,XLY
2017-04-28,87.96,90.78,86.55,90.06,83.3967,77131602,0.0,XLY
2017-03-31,87.3,88.17,85.65,87.95,81.4428,92501428,0.2605,XLY
2017-02-28,84.97,87.32,84.07,86.37,79.7419,75076387,0.0,XLY
2017-01-31,82.05,85.635,81.38,84.83,78.32,102832359,0.0,XLY
2016-12-30,81.78,84.6833,81.15,81.4,75.1533,120890278,0.4921,XLY
2016-11-30,78.3,83.07,76.61,81.85,75.1217,146196059,0.0,XLY
2016-10-31,79.73,80.41,77.75,78.1,71.68,111761989,0.0,XLY
2016-09-30,80.65,81.185,78.01,80.04,73.4605,120471768,0.2999,XLY
2016-08-31,81.62,82.38,80.09,80.56,73.6563,84634856,0.0,XLY
2016-07-29,78.14,82.025,77.74,81.62,74.6255,91021181,0.0,XLY
2016-06-30,78.87,79.75,74.18,78.06,71.3706,135213583,0.2767,XLY
2016-05-31,79.42,80.535,76.645,79.24,72.1931,117619308,0.0,XLY
2016-04-29,78.6,80.46,77.25,79.2,72.1567,119255016,0.0,XLY
2016-03-31,75.09,79.39,74.84,79.1,72.0656,146623927,0.321,XLY
2016-02-29,73.68,75.43,67.59,74.44,67.5423,197881777,0.0,XLY
2016-01-29,76.78,77.145,68.94,74.11,67.2429,225596060,0.0,XLY
2015-12-31,81.22,81.75,77.195,78.1608,70.9183,169137073,0.3252,XLY
2015-11-30,81.26,81.9,77.255,80.78,72.9879,130290083,0.0,XLY
2015-10-30,74.3,81.505,73.55,80.97,73.1596,151692271,0.0,XLY
2015-09-30,72.98,78.13,71.86,74.235,67.0743,157282670,0.289,XLY
2015-08-31,80.06,80.61,66.0,74.98,67.4889,190015766,0.0,XLY
2015-07-31,77.13,80.53,76.14,80.22,72.2054,100778496,0.0,XLY
2015-06-30,76.37,78.31,75.44,76.48,68.8391,114958639,0.247,XLY
2015-05-29,75.69,77.25,75.03,76.3,68.4588,114429382,0.0,XLY
2015-04-30,75.18,77.8895,74.53,75.31,67.5705,111547687,0.0,XLY
2015-03-31,76.02,77.129,74.23,75.35,67.6064,143758427,0.2553,XLY
2015-02-27,70.17,76.52,69.06,75.97,67.9368,106386126,0.0,XLY
2015-01-30,72.53,72.6545,68.5,69.99,62.5891,157389599,0.0,XLY
2014-12-31,71.6,72.975,68.45,72.15,64.5207,197322967,0.2931,XLY
2014-11-28,68.26,71.95,66.93,71.81,63.9521,118104595,0.0,XLY
2014-10-31,66.54,68.405,61.68,68.1,60.6481,194406498,0.0,XLY
2014-09-30,68.85,69.33,66.59,66.69,59.3924,88349458,0.2286,XLY
2014-08-29,65.7,69.25,65.16,68.82,61.0854,110609000,0.0,XLY
2014-07-31,66.91,68.13,65.84,65.89,58.4847,144150200,0.0,XLY
2014-06-30,65.8,67.26,65.395,66.74,59.2392,78288800,0.2124,XLY
2014-05-30,63.92,65.7,62.63,65.68,58.1115,92951100,0.0,XLY
2014-04-30,64.91,66.25,61.84,63.84,56.4835,129748200,0.0,XLY
2014-03-31,66.16,67.85,63.53,64.72,57.2621,124119200,0.2075,XLY
2014-02-28,62.76,67.068,61.0301,66.84,58.9516,133819000,0.0,XLY
2014-01-31,66.7,66.83,62.43,62.82,55.406,142214900,0.0,XLY
2013-12-31,65.52,66.85,64.05,66.83,58.9428,92822000,0.2615,XLY
2013-11-29,63.71,65.859,62.245,65.6,57.6284,100319300,0.0,XLY
2013-10-31,60.6,63.81,58.45,63.41,55.7045,145923600,0.0,XLY
2013-09-30,58.33,61.75,57.86,60.63,53.2623,113198600,0.1804,XLY
2013-08-30,59.86,60.75,57.31,57.68,50.5213,104386300,0.0,XLY
2013-07-31,56.76,59.9,56.5,59.37,52.0016,116695500,0.0,XLY
2013-06-28,56.27,57.379,53.96,56.4,49.4002,142903600,0.1763,XLY
2013-05-31,54.52,58.09,54.26,56.12,48.998,108725100,0.0,XLY
2013-04-30,52.99,54.69,51.95,54.61,47.6797,123807400,0.0,XLY
2013-03-28,50.44,53.05,50.34,53.0,46.274,91982900,0.1579,XLY
2013-02-28,50.47,51.23,49.4,50.93,44.3336,110309900,0.0,XLY
2013-01-31,48.33,50.98,48.07,50.13,43.6372,106343800,0.0,XLY
2012-12-31,47.83,48.4,46.24,47.4391,41.2948,134694800,0.3055,XLY
2012-11-30,46.25,47.635,44.66,47.53,41.1083,131939800,0.0,XLY
2012-10-31,46.91,47.9658,45.43,46.0717,39.8471,97553400,0.0,XLY
2012-09-28,45.46,48.01,45.15,46.79,40.4683,80518100,0.1658,XLY
2012-08-31,43.83,45.75,43.01,45.55,39.2589,101231000,0.0,XLY
2012-07-31,43.81,44.58,42.4509,43.54,37.5265,123443100,0.0,XLY
2012-06-29,42.37,44.33,41.44,43.78,37.7334,184298100,0.1518,XLY
2012-05-31,45.72,46.27,41.73,43.1,37.0179,201798500,0.0,XLY
2012-04-30,45.02,46.08,43.42,45.61,39.1737,145136100,0.0,XLY
2012-03-30,43.31,45.5587,42.67,45.09,38.7271,113505900,0.137,XLY
2012-02-29,41.4,43.505,41.2142,43.19,36.981,95490800,0.0,XLY
2012-01-31,39.67,41.9,39.23,41.32,35.3798,80019100,0.0,XLY
2011-12-30,38.69,39.75,37.37,39.02,33.4105,117443800,0.2196,XLY
2011-11-30,38.05,39.61,36.33,38.74,32.9796,120628300,0.0,XLY
2011-10-31,34.61,40.17,33.07,39.02,33.218,226896800,0.0,XLY
2011-09-30,37.55,38.23,34.67,34.86,29.6766,247165900,0.1277,XLY
2011-08-31,40.1,40.1,33.42,37.57,31.8758,345527100,0.0,XLY
2011-07-29,40.29,41.78,39.29,39.65,33.6406,153303100,0.0,XLY
2011-06-30,40.29,40.36,37.52,40.21,34.1157,211152700,0.1333,XLY
2011-05-31,40.71,41.02,39.43,40.44,34.1907,142829900,0.0,XLY
2011-04-29,39.29,40.72,38.46,40.55,34.2837,131560100,0.0,XLY
2011-03-31,39.47,39.58,37.38,39.05,33.0155,186375400,0.1259,XLY
2011-02-28,37.42,40.02,37.29,39.41,33.2086,97982900,0.0,XLY
2011-01-31,37.71,38.41,37.03,37.18,31.3295,118246100,0.0,XLY
2010-12-31,36.64,37.88,36.62,37.41,31.5233,104460800,0.2196,XLY
2010-11-30,35.33,36.61,35.02,36.15,30.2835,176047400,0.0,XLY
2010-10-29,33.58,35.49,33.11,35.26,29.538,140940800,0.0,XLY
2010-09-30,30.61,33.89,30.61,33.41,27.9882,148358900,0.1049,XLY
2010-08-31,31.88,32.41,29.8,30.19,25.21,161225100,0.0,XLY
2010-07-30,29.24,32.18,28.64,31.44,26.2538,191077900,0.0,XLY
2010-06-30,32.15,33.12,29.07,29.13,24.3249,229083600,0.1053,XLY
2010-05-28,34.99,35.69,30.34,32.37,26.943,320940100,0.0,XLY
2010-04-30,33.01,36.13,32.84,34.82,28.9822,160340300,0.0,XLY
2010-03-31,30.67,33.29,30.575,32.84,27.3342,131991800,0.0622,XLY
2010-02-26,28.97,30.6,28.21,30.52,25.3545,117142400,0.0,XLY
2010-01-29,29.9,30.54,28.89,28.91,24.017,111659600,0.0,XLY
2009-12-31,28.87,30.32,28.73,29.77,24.7314,108246200,0.1607,XLY
2009-11-30,26.82,29.55,26.62,28.62,23.6477,154621400,0.0,XLY
2009-10-30,27.4,28.77,26.46,26.82,22.1604,132739100,0.0,XLY
2009-09-30,26.02,28.09,25.4,27.47,22.6975,126390300,0.0903,XLY
2009-08-31,25.58,26.92,24.94,26.16,21.5451,126802800,0.0,XLY
2009-07-31,23.25,25.52,21.7,25.27,20.8121,149954000,0.0,XLY
2009-06-30,23.54,24.72,22.21,23.08,19.0084,184711200,0.0975,XLY
2009-05-29,23.41,24.6,22.11,23.12,18.9614,178330800,0.0,XLY
2009-04-30,20.02,23.87,19.11,23.29,19.1008,149959600,0.0,XLY
2009-03-31,17.41,20.68,15.85,19.65,16.1156,175191600,0.1025,XLY
2009-02-27,18.87,20.34,17.255,17.53,14.2979,144296400,0.0,XLY
2009-01-30,21.62,23.1,19.09,19.28,15.7253,152499200,0.0,XLY
2008-12-31,19.98,22.3,18.7,21.57,17.593,164396100,0.1623,XLY
2008-11-28,22.67,23.58,16.12,20.49,16.5854,167094900,0.0,XLY
2008-10-31,28.85,28.85,18.52,23.13,18.7223,206127500,0.0,XLY
2008-09-30,31.15,34.5,26.7905,28.42,23.0042,186626600,0.1046,XLY
2008-08-29,28.61,31.94,27.97,30.53,24.6269,145426400,0.0,XLY
2008-07-31,27.92,29.85,25.93,28.53,23.0136,163233000,0.0,XLY
2008-06-30,32.12,32.64,28.21,28.48,22.9733,113791500,0.1118,XLY
2008-05-30,32.31,33.76,31.59,32.31,25.9659,86645200,0.0,XLY
2008-04-30,31.37,32.88,30.49,31.45,25.2748,107605400,0.0,XLY
2008-03-31,31.19,32.56,29.11,30.72,24.6881,136581400,0.0396,XLY
2008-02-29,32.58,33.14,31.0,31.32,25.1384,123293300,0.0,XLY
2008-01-31,32.99,32.99,27.91,32.58,26.1497,163843600,0.0,XLY
2007-12-31,34.87,35.11,32.48,32.7,26.2461,57974800,0.2348,XLY
2007-11-30,36.45,36.51,32.63,34.65,27.6143,85848300,0.0,XLY
2007-10-31,36.87,38.25,35.22,36.65,29.2082,96327700,0.0,XLY
2007-09-28,37.03,39.09,35.54,36.83,29.3517,75448500,0.0733,XLY
2007-08-31,37.01,37.71,34.24,37.23,29.6119,96653800,0.0,XLY
2007-07-31,39.4,40.7,36.94,37.0,29.429,60781300,0.0,XLY
2007-06-29,40.26,40.43,38.79,39.33,31.2822,51348500,0.0702,XLY
2007-05-31,38.85,40.23,37.83,40.1,31.8385,41257000,0.0,XLY
2007-04-30,38.0525,39.84,37.91,38.93,30.9096,28380400,0.0,XLY
2007-03-30,38.24,38.81,36.86,38.03,30.195,35189100,0.0683,XLY
2007-02-28,39.47,40.21,37.68,38.23,30.2983,26824900,0.0,XLY
2007-01-31,38.57,39.72,38.03,39.46,31.2731,25593800,0.0,XLY
2006-12-29,37.64,38.78,37.35,38.42,30.4489,21638300,0.1378,XLY
2006-11-30,37.27,38.23,36.43,37.68,29.7558,38942100,0.0,XLY
2006-10-31,35.01,37.47,34.91,37.21,29.3846,37821200,0.0,XLY
2006-09-29,32.99,35.41,32.72,34.95,27.5999,35060800,0.1378,XLY
2006-08-31,32.26,33.21,31.56,32.92,25.8932,34175100,0.0,XLY
2006-07-31,33.39,33.51,31.13,32.28,25.3898,19984600,0.0,XLY
2006-06-30,33.52,34.15,32.41,33.39,26.2629,19997400,0.0707,XLY
2006-05-31,34.08,34.82,32.96,33.52,26.309,20160900,0.0,XLY
2006-04-28,33.64,34.37,33.29,34.09,26.7564,14047300,0.0,XLY
2006-03-31,33.52,34.09,33.01,33.66,26.4189,19923900,0.0068,XLY
2006-02-28,33.17,33.84,32.8505,33.47,26.2645,12151400,0.0,XLY
2006-01-31,32.5,34.13,32.25,33.23,26.0762,16803400,0.0,XLY
2005-12-30,33.25,33.89,32.63,32.65,25.621,21401600,0.1712,XLY
2005-11-30,31.88,34.27,31.76,33.1,25.8418,24645900,0.0,XLY
2005-10-31,32.6,32.65,30.74,31.83,24.8502,33017400,0.0,XLY
2005-09-30,33.55,33.95,31.6,32.49,25.3655,39582700,0.0592,XLY
2005-08-31,34.7,34.82,33.01,33.5,26.1074,18419300,0.0,XLY
2005-07-29,32.95,35.03,32.45,34.64,26.9958,8210800,0.0,XLY
2005-06-30,33.1,33.88,32.68,32.78,25.5463,7248700,0.049,XLY
2005-05-31,31.92,33.18,31.04,32.97,25.657,9032100,0.0,XLY
2005-04-29,33.3,33.47,30.62,31.05,24.1629,12504000,0.0,XLY
2005-03-31,33.6,34.4,32.71,33.16,25.8049,10675600,0.0481,XLY
2005-02-28,33.82,34.36,33.33,33.6,26.1097,5813500,0.0,XLY
2005-01-31,35.45,35.55,33.23,33.78,26.2496,5464600,0.0,XLY
2004-12-31,33.95,35.46,33.93,35.29,27.4229,8844700,0.1079,XLY
2004-11-30,32.48,34.51,32.38,33.82,26.1987,12354800,0.0,XLY
2004-10-29,31.21,32.59,31.06,32.46,25.1452,10471300,0.0,XLY
2004-09-30,30.3,31.55,30.3,31.2,24.1692,11394300,0.0459,XLY
2004-08-31,30.43,30.69,28.9,30.37,23.4919,7832000,0.0,XLY
2004-07-30,31.7,31.71,29.74,30.43,23.5383,5468600,0.0,XLY
2004-06-30,31.45,32.18,31.32,31.63,24.4665,5965800,0.0421,XLY
2004-05-28,31.35,31.77,29.73,31.59,24.4034,8936300,0.0,XLY
2004-04-30,31.88,32.54,31.27,31.39,24.2489,4938900,0.0,XLY
2004-03-31,32.08,32.58,30.55,31.75,24.527,5311600,0.0418,XLY
2004-02-27,31.3,32.34,30.87,31.99,24.6792,2753500,0.0,XLY
2004-01-30,31.62,32.34,30.96,31.31,24.1546,2572100,0.0,XLY
2003-12-31,30.6,31.57,29.64,31.49,24.2935,2608400,0.084,XLY
2003-11-28,30.3,30.62,29.09,30.36,23.3582,2708200,0.0,XLY
2003-10-31,27.82,30.3,27.82,30.09,23.1505,5980400,0.0,XLY
2003-09-30,29.25,29.52,27.38,27.58,21.2193,2728100,0.0382,XLY
2003-08-29,27.65,29.1,26.8,29.0,22.2824,4465900,0.0,XLY
2003-07-31,26.85,28.44,26.57,27.59,21.199,3353200,0.0,XLY
2003-06-30,27.05,28.26,26.68,27.09,20.8148,6326300,0.0382,XLY
2003-05-30,25.39,26.77,24.84,26.74,20.5173,4428700,0.0,XLY
2003-04-30,22.73,25.65,22.61,25.39,19.4814,5993500,0.0,XLY
2003-03-31,22.4,24.28,20.65,22.73,17.4404,7114200,0.0341,XLY
2003-02-28,22.35,22.66,20.97,22.24,17.0405,1398900,0.0,XLY
2003-01-31,23.33,24.62,22.0,22.34,17.1171,2434900,0.0,XLY
2002-12-31,26.05,26.28,22.56,23.11,17.7071,5252500,0.0525,XLY
2002-11-29,24.0,26.98,23.62,25.32,19.3571,3174300,0.0,XLY
2002-10-31,22.65,25.4,20.67,24.2,18.5009,4065400,0.0,XLY
2002-09-30,24.42,25.9,22.36,22.67,17.3312,1791800,0.0302,XLY
2002-08-30,24.15,26.08,21.89,24.92,19.0277,1832100,0.0,XLY
2002-07-31,27.47,27.75,21.2,24.19,18.4703,2186100,0.0,XLY
2002-06-28,29.0,29.38,26.62,27.47,20.9747,11384200,0.0506,XLY
2002-05-31,29.25,30.41,28.4,29.05,22.1406,4652400,0.0,XLY
2002-04-30,29.6,30.54,27.92,29.2,22.2549,6366000,0.0,XLY
2002-03-28,29.7,30.82,29.36,30.04,22.8951,5258600,0.0377,XLY
2002-02-28,29.5,30.25,28.15,29.7,22.6081,8626400,0.0,XLY
2002-01-31,28.85,29.54,27.65,29.54,22.4863,8303500,0.0,XLY
2001-12-31,27.45,29.15,27.0,28.6,21.7708,5184000,0.0443,XLY
2001-11-30,24.08,27.74,24.08,27.4,20.8249,3376700,0.0,XLY
2001-10-31,23.0,25.43,22.47,24.18,18.3776,1666500,0.0,XLY
2001-09-28,26.44,27.17,20.0,22.97,17.4579,3313200,0.0634,XLY
2001-08-31,28.8,29.18,25.94,26.37,19.9818,2540500,0.0,XLY
2001-07-31,27.64,29.35,26.6,28.9,21.8989,1327000,0.0,XLY
2001-06-29,27.7,28.49,26.84,27.67,20.9669,925900,0.0587,XLY
2001-05-31,27.4,29.1,26.95,27.95,21.1331,2692600,0.0,XLY
2001-04-30,25.84,27.9,25.0,27.3,20.6416,1889000,0.0,XLY
2001-03-30,26.52,27.8,24.19,26.09,19.7267,3056900,0.0531,XLY
2001-02-28,28.5,28.61,25.71,26.53,20.0177,6339300,0.0,XLY
2001-01-31,25.78,28.63,25.31,28.57,21.5569,10307700,0.0,XLY
2000-12-29,24.16,26.06,22.81,25.59,19.3084,1016600,0.0614,XLY
2000-11-30,24.75,25.31,22.81,23.97,18.0394,713900,0.0,XLY
2000-10-31,24.88,25.47,21.56,24.58,18.4985,3726800,0.0,XLY
2000-09-29,24.81,27.0,24.45,24.89,18.7318,17420200,0.0661,XLY
2000-08-31,26.13,27.84,24.72,24.92,18.7075,506100,0.0,XLY
2000-07-31,25.69,28.56,25.59,26.0,19.5182,1215500,0.0,XLY
2000-06-30,27.0,28.13,24.13,25.59,19.2104,1325900,0.0504,XLY
2000-05-31,28.78,29.53,26.14,27.11,20.3119,694900,0.0,XLY
2000-04-28,29.66,31.94,27.38,28.66,21.4732,790000,0.0,XLY
2000-03-31,25.7,29.89,24.03,29.27,21.9302,4701800,0.0548,XLY
2000-02-29,27.44,28.36,23.89,25.69,19.2107,1417100,0.0,XLY
2000-01-31,31.0,31.0,26.88,27.2,20.3399,1766000,0.0,XLY
1999-12-31,28.75,31.09,28.22,31.06,23.2263,4812600,0.0381,XLY
2024-09-25,57.82,64.98,57.3,57.35,57.35,162837183,0.4351,TMF
2024-08-30,54.1,62.42,53.22,55.57,55.1627,200432568,0.0,TMF
2024-07-31,46.78,53.11,45.79,53.06,52.6711,135675076,0.0,TMF
2024-06-28,47.72,54.28,47.65,48.5,48.1445,128226311,0.435,TMF
2024-05-31,44.89,50.58,43.99,47.11,46.3845,99441653,0.0,TMF
2024-04-30,52.75,52.78,42.655,43.94,43.2633,149061947,0.0,TMF
2024-03-28,53.56,58.62,50.84,54.5,53.6606,122213284,0.3198,TMF
2024-02-29,61.159,63.44,50.88,54.29,53.1267,162064351,0.0,TMF
2024-01-31,63.0901,64.32,53.11,59.26,57.9902,241524835,0.0,TMF
2023-12-29,5.17,67.87,5.13,64.58,63.1962,203381566,0.4973,TMF
2023-11-30,4.08,5.36,4.07,5.15,50.0129,1064443638,0.0,TMF
2023-10-31,4.73,4.79,3.83,3.98,38.6507,1085024579,0.0,TMF
2023-09-29,6.24,6.24,4.57,4.82,46.8082,569254457,0.0502,TMF
2023-08-31,6.925,6.95,5.56,6.34,61.0218,749017539,0.0,TMF
2023-07-31,7.84,7.94,6.9,7.12,68.5292,470519454,0.0,TMF
2023-06-30,8.055,8.1308,7.47,7.8,75.0741,425990368,0.0476,TMF
2023-05-31,8.63,8.91,7.27,7.92,75.7791,489721771,0.0,TMF
2023-04-28,8.84,9.57,8.18,8.85,84.6774,357955280,0.0,TMF
2023-03-31,7.769,9.71,7.31,8.88,84.9644,666693638,0.0346,TMF
2023-02-28,9.48,9.96,7.59,7.9,75.2846,301511385,0.0,TMF
2023-01-31,8.21,9.8,7.8921,9.32,88.8168,289367102,0.0,TMF
2022-12-30,8.65,10.3,7.56,7.62,72.6163,368836928,0.0471,TMF
2022-11-30,7.33,8.76,6.43,8.45,80.0864,276766691,0.0,TMF
2022-10-31,9.0,9.2,6.15,6.96,65.9647,234412056,0.0,TMF
2022-09-30,10.81,11.0101,8.235,8.57,81.2238,117659638,0.0357,TMF
2022-08-31,13.64,14.48,11.09,11.37,107.3659,70596362,0.0,TMF
2022-07-29,12.92,13.94,11.63,13.3,125.5907,66112827,0.0,TMF
2022-06-30,13.42,13.54,10.5,12.49,117.942,65234673,0.0256,TMF
2022-05-31,13.86,14.3499,12.04,13.22,124.5695,91508431,0.0,TMF
2022-04-29,18.7,19.98,14.13,14.36,135.3115,84832551,0.0,TMF
2022-03-31,23.78,24.8,17.6112,19.57,184.4043,65767179,0.0152,TMF
2022-02-28,24.89,25.5499,20.94,23.46,220.8729,59025670,0.0,TMF
2022-01-31,27.34,27.51,23.68,24.82,233.6771,54959897,0.0,TMF
2021-12-31,29.6358,32.435,27.2377,28.14,264.9345,40455673,0.0016,TMF
2021-11-30,27.15,30.51,26.27,30.22,284.5018,26834329,0.0,TMF
2021-10-29,26.63,28.48,24.805,28.14,264.9199,24171911,0.0,TMF
2021-09-30,29.26,30.67,25.91,26.28,247.4092,29689624,0.0054,TMF
2021-08-31,29.42,30.82,27.05,28.96,272.5904,40560918,0.0,TMF
2021-07-30,26.37,31.359,26.14,29.36,276.3555,38329381,0.0,TMF
2021-06-30,23.21,27.49,22.91,26.47,249.1529,24796241,0.0144,TMF
2021-05-28,23.65,24.61,21.93,23.36,219.7586,14528193,0.0,TMF
2021-04-30,22.55,24.73,22.22,23.44,220.5112,15640179,0.0,TMF
2021-03-31,24.72,25.12,20.9074,22.04,207.3408,26859991,0.0152,TMF
2021-02-26,31.2,31.61,22.63,26.07,245.0908,22199093,0.0,TMF
2021-01-29,34.44,35.42,30.1,31.33,294.5414,16261989,0.0,TMF
2020-12-31,36.42,36.5487,33.66,35.14,330.3602,13988400,0.6861,TMF
2020-11-30,36.7,39.06,33.76,37.37,344.6495,17951747,0.0,TMF
2020-10-30,39.47,40.41,35.3,35.85,330.6311,16521716,0.0,TMF
2020-09-30,39.02,43.09,38.59,39.99,368.8128,19157889,0.0,TMF
2020-08-31,44.77,47.17,38.1,39.15,361.0658,24785506,0.0,TMF
2020-07-31,39.98,46.4399,39.2,46.0,424.2408,24232626,0.0,TMF
2020-06-30,39.57,41.67,33.26,40.66,374.992,26430004,0.0,TMF
2020-05-29,43.86,44.42,39.14,40.44,372.963,24242012,0.0,TMF
2020-04-30,44.82,47.58,41.0,43.24,398.7863,17236859,0.0,TMF
2020-03-31,38.63,58.3,25.54,42.11,388.3648,47990221,0.0993,TMF
2020-02-28,31.5,38.93,29.55,37.72,347.0326,30951012,0.0,TMF
2020-01-31,26.56,32.06,26.03,31.99,294.3153,27616969,0.0,TMF
2019-12-31,27.48,29.71,25.77,25.84,237.7339,19879474,0.05,TMF
2019-11-29,29.2,29.55,25.38,28.78,264.2824,16605554,0.0,TMF
2019-10-31,29.66,32.73,26.85,29.37,269.7003,34721995,0.0,TMF
2019-09-30,33.78,34.83,26.84,30.63,281.2707,42409986,0.059,TMF
2019-08-30,25.38,34.86,25.34,33.75,309.3338,40143202,0.0,TMF
2019-07-31,24.93,25.93,23.28,24.98,228.9528,11729494,0.0,TMF
2019-06-28,24.68,25.47,23.67,24.9,228.2196,10635042,0.0667,TMF
2019-05-31,20.35,24.53,20.04,24.5,223.9564,11151876,0.0,TMF
2019-04-30,21.19,21.21,19.54,20.23,184.924,9139183,0.0,TMF
2019-03-29,18.36,21.78,18.05,21.65,197.9044,9870243,0.0677,TMF
2019-02-28,19.37,19.84,18.44,18.57,169.1545,6453274,0.0,TMF
2019-01-31,19.44,20.51,18.3,19.45,177.1705,8949425,0.0,TMF
2018-12-31,16.35,19.77,16.35,19.37,176.4418,8794158,0.0972,TMF
2018-11-30,15.56,16.74,15.17,16.51,149.6101,8576069,0.0,TMF
2018-10-31,17.19,17.38,15.42,15.76,142.8138,12483318,0.0,TMF
2018-09-28,18.72,18.87,16.97,17.34,157.1314,9160082,0.0567,TMF
2018-08-31,17.9,19.74,17.81,19.07,172.238,10934877,0.0,TMF
2018-07-31,19.51,20.07,18.12,18.45,166.6382,6261330,0.0,TMF
2018-06-29,18.81,19.73,18.02,19.36,174.8572,8813236,0.1042,TMF
2018-05-31,18.21,19.83,16.93,19.18,172.2887,12863733,0.0,TMF
2018-04-30,19.4,19.84,17.25,18.22,163.6653,11147821,0.0,TMF
2018-03-29,18.02,19.7,17.6,19.53,175.4327,11842452,0.0302,TMF
2018-02-28,19.89,19.93,17.06,18.04,161.7794,18387867,0.0,TMF
2018-01-31,21.9,21.94,19.41,19.95,178.908,11403070,0.0,TMF
2017-12-29,21.65,23.01,20.53,22.11,198.2784,9238032,0.072,TMF
2017-11-30,20.83,22.2686,20.62,21.12,188.7646,7063357,0.0,TMF
2017-10-31,21.0,21.62,19.78,20.76,185.547,19688661,0.0,TMF
2017-09-29,22.31,23.46,20.48,20.87,186.5302,11224711,0.0,TMF
2017-08-31,20.05,22.8,20.05,22.51,201.188,6687394,0.0,TMF
2017-07-31,21.01,21.4899,19.83,20.44,182.6869,6701005,0.0,TMF
2017-06-30,20.34,22.7672,20.34,20.95,187.2452,6737872,0.0184,TMF
2017-05-31,19.34,20.71,18.49,20.56,183.6069,10397081,0.0,TMF
2017-04-28,18.72,20.85,18.67,19.55,174.5873,10270741,0.0,TMF
2017-03-31,18.16,19.33,16.87,18.72,167.1752,9941471,0.0,TMF
2017-02-28,18.08,19.5,17.765,19.17,171.1938,9256682,0.0,TMF
2017-01-31,17.74,19.88,17.59,18.36,163.9603,12047965,0.0,TMF
2016-12-30,17.72,18.666,16.91,18.09,161.5491,12585407,0.0,TMF
2016-11-30,23.62,24.6,17.97,18.27,163.1565,10090126,0.0,TMF
2016-10-31,27.95,27.95,23.43,24.01,214.4165,5173183,0.0,TMF
2016-09-30,28.5,29.58,25.08,27.7,247.3693,6493830,0.0,TMF
2016-08-31,116.6,119.01,28.09,29.09,259.7824,3153537,0.0,TMF
2016-07-29,119.41,126.31,109.111,120.68,269.4271,2675607,0.0,TMF
2016-06-30,95.61,117.0399,94.62,113.77,254.0,2431638,0.0,TMF
2016-05-31,91.26,98.83,89.32,93.85,209.5271,2016678,0.0,TMF
2016-04-29,95.94,100.26,87.4,92.14,205.7094,3859051,0.0,TMF
2016-03-31,95.52,95.62,87.62,94.4,210.755,5409313,0.0,TMF
2016-02-29,86.94,105.15,86.017,95.01,212.1169,4968709,0.0,TMF
2016-01-29,77.12,88.85,74.97,87.4,195.127,3499446,0.0,TMF
2015-12-31,76.2,81.28,71.73,74.23,165.724,2975784,0.0,TMF
2015-11-30,76.95,77.56,69.86,76.06,169.8096,2420675,0.0,TMF
2015-10-30,81.18,85.22,76.24,78.18,174.5427,3629407,0.0,TMF
2015-09-30,76.46,80.9755,70.624,79.56,177.6236,3567323,0.0,TMF
2015-08-31,77.93,90.71,75.5358,75.7,169.0059,4189985,0.0,TMF
2015-07-31,66.3,78.39,65.1,77.84,173.7836,4384692,0.0,TMF
2015-06-30,77.71,78.2,64.2601,68.64,153.2439,5229001,0.0,TMF
2015-05-29,83.12,83.69,70.09,78.44,175.1231,6695405,0.0,TMF
2015-04-30,97.11,99.46,82.19,85.18,190.1707,4214019,0.0,TMF
2015-03-31,92.08,99.77,79.46,94.96,212.0053,5423513,0.0,TMF
2015-02-27,109.61,112.52,85.35,92.58,206.6917,5598706,0.0,TMF
2015-01-30,86.75,113.35,86.4,112.72,251.6558,4638260,0.0,TMF
2014-12-31,79.52,89.3956,74.63,86.04,192.0907,3703983,0.0,TMF
2014-11-28,72.05,78.9,70.81,78.66,175.6143,2560742,0.0,TMF
2014-10-31,68.28,88.981,68.05,72.11,160.9909,4946398,0.0,TMF
2014-09-30,68.72,68.86,60.89,66.73,148.9797,4351960,0.0,TMF
2014-08-29,62.23,72.07,61.601,71.48,159.5844,4091000,0.0,TMF
2014-07-31,60.23,65.93,56.83,62.47,139.4689,3220300,0.0,TMF
2014-06-30,60.85,61.89,57.1,61.48,137.2587,2657500,0.0,TMF
2014-05-30,57.16,63.8993,56.62,62.1,138.6429,2740700,0.0,TMF
2014-04-30,52.97,58.49,51.36,57.08,127.4354,2059300,0.0,TMF
2014-03-31,53.73,55.73,48.891,53.87,120.2688,2103500,0.0,TMF
2014-02-28,51.9,54.09,48.766,52.94,118.1925,1689700,0.0,TMF
2014-01-31,43.42,52.35,43.42,52.09,116.2948,2067300,0.0,TMF
2013-12-31,45.95,46.51,42.7,43.6,97.3402,1421000,0.0,TMF
2013-11-29,49.96,50.03,43.3701,46.39,103.5691,2855200,0.0,TMF
2013-10-31,48.2,52.05,45.98,50.53,112.812,3552400,0.0,TMF
2013-09-30,46.3,49.77,43.23,48.53,108.3468,2967900,0.0776,TMF
2013-08-30,48.79,50.37,42.9,47.88,106.7116,3705700,0.0,TMF
2013-07-31,53.5,55.07,47.67,50.12,111.704,1909000,0.0,TMF
2013-06-28,59.88,64.43,50.4352,54.13,120.6412,3565800,0.1179,TMF
2013-05-31,76.64,78.0486,58.49,60.49,134.5456,2182900,0.0,TMF
2013-04-30,66.2,76.61,66.08,75.28,167.4425,1417500,0.0,TMF
2013-03-28,67.99,68.59,61.04,65.89,146.5567,1252300,0.0539,TMF
2013-02-28,66.04,69.06,62.301,67.13,149.1918,1687800,0.0,TMF
2013-01-31,69.33,70.8199,63.06,64.93,144.3025,1769600,0.0,TMF
2012-12-31,76.34,80.75,69.34,71.81,159.5928,1488000,0.0735,TMF
2012-11-30,74.36,82.56,70.39,77.97,173.1023,1474300,0.0,TMF
2012-10-31,76.61,77.92,69.108,75.0381,166.5932,2199000,0.0,TMF
2012-09-28,82.22,83.57,66.0,76.67,170.2162,2527600,0.0,TMF
2012-08-31,85.45,89.4,70.28,83.22,184.7579,1917900,0.0,TMF
2012-07-31,79.11,92.5,78.852,87.24,193.6828,1220100,0.0,TMF
2012-06-29,86.02,89.0,76.36,78.29,173.8128,2791500,0.0,TMF
2012-05-31,65.18,85.85,62.96,83.09,184.4693,3194200,0.0,TMF
2012-04-30,57.99,66.348,54.28,64.46,143.1086,2878200,0.0,TMF
2012-03-30,63.14,66.19,52.84,56.36,125.1257,3831300,0.0475,TMF
2012-02-29,69.06,69.2,60.35,64.85,143.8521,2712200,0.0,TMF
2012-01-31,68.43,72.06,61.65,70.45,156.2741,2584800,0.0,TMF
2011-12-30,63.72,76.18,62.882,71.52,158.6476,3061900,0.499,TMF
2011-11-30,67.89,75.0,59.89,65.82,144.9345,4033100,0.0,TMF
2011-10-31,74.64,80.31,53.732,62.75,138.1744,4562200,0.0,TMF
2011-09-30,51.89,77.97,49.98,72.02,158.5867,5915200,0.0,TMF
2011-08-31,39.68,58.5,39.61,50.95,112.191,11518600,0.0,TMF
2011-07-29,35.74,40.63,34.86,40.01,88.1013,4504900,0.0,TMF
2011-06-30,38.83,39.8,34.29,35.32,77.774,4257800,0.0,TMF
2011-05-31,34.45,38.22,34.3,38.14,83.9836,3561000,0.0,TMF
2011-04-29,32.18,34.66,30.22,34.56,76.1005,2264100,0.0,TMF
2011-03-31,32.01,35.5,30.05,32.43,71.4103,3170700,0.0,TMF
2011-02-28,30.85,32.7099,28.43,32.61,71.8066,3933900,0.0,TMF
2011-01-31,33.37,34.65,30.3876,31.21,68.7239,3522800,0.0,TMF
2010-12-31,38.74,39.3,30.74,34.45,75.8583,5821800,1.2796,TMF
2010-11-30,44.09,45.97,35.3618,40.52,85.8364,3923200,0.0,TMF
2010-10-29,48.63,51.1799,41.67,43.12,91.3441,2147600,0.0,TMF
2010-09-30,53.01,53.05,43.4,49.89,105.6855,2781500,0.1077,TMF
2010-08-31,42.35,56.65,41.37,54.96,116.1683,2136100,0.0,TMF
2010-07-30,45.65,47.0335,40.2901,43.64,92.2413,1142100,0.0,TMF
2010-06-30,40.24,45.48,37.2,45.41,95.9826,769600,0.2205,TMF
2010-05-28,33.11,43.28,29.0,39.11,82.2253,1209300,0.0,TMF
2010-04-30,30.1,33.6,28.57,33.5601,70.5571,1003500,0.0,TMF
2010-03-31,32.53,33.1,29.258,30.52,64.1656,717700,0.1564,TMF
2010-02-26,33.08,33.8,29.56,32.88,68.7925,620100,0.0,TMF
2010-01-29,31.0601,33.72,29.9,33.49,70.0687,587500,0.0,TMF
2009-12-31,38.54,38.6399,30.23,31.2,65.2775,911400,0.282,TMF
2009-11-30,42.5,42.74,36.41,39.4,81.7062,482400,4.1965,TMF
2009-10-30,47.75,49.97,39.56,42.55,79.3322,776700,0.0,TMF
2009-09-30,43.34,47.5319,39.51,46.99,87.6104,864800,0.3172,TMF
2009-08-31,41.46,44.265,35.5,44.07,81.5683,765600,0.0,TMF
2009-07-31,40.32,45.01,35.2,41.64,77.0707,1157300,0.0,TMF
2009-06-30,39.0,42.52,31.34,41.5162,76.8415,2029100,0.0651,TMF
2009-05-29,47.13,48.99,36.224,41.53,76.7433,598700,0.0,TMF
2024-09-25,132.31,135.3,113.6832,125.51,125.51,11216235,0.3161,FAS
2024-08-30,120.88,134.5,95.43,134.06,133.7294,15360655,0.0,FAS
2024-07-31,102.15,123.6599,100.43,119.81,119.5146,17928342,0.0,FAS
2024-06-28,105.5,107.01,95.4,100.99,100.741,9230100,0.2698,FAS
2024-05-31,97.09,112.44,95.93,105.34,104.8032,9747608,0.0,FAS
2024-04-30,112.53,112.88,92.06,97.42,96.9236,14812898,0.0,FAS
2024-03-28,98.97,113.08,97.74,112.2,111.6282,13856170,0.3636,FAS
2024-02-29,88.59,100.73,85.57,99.04,98.1937,15968412,0.0,FAS
2024-01-31,81.32,93.99,77.68,89.0,88.2395,17257443,0.0,FAS
2023-12-29,71.46,83.77,70.81,82.65,81.9437,14780106,0.3829,FAS
2023-11-30,53.76,71.9,53.38,71.8,70.8489,12623400,0.0,FAS
2023-10-31,58.15,62.29,48.73,53.45,52.742,18607296,0.0,FAS
2023-09-29,66.87,69.2299,57.66,58.77,57.9915,10956807,0.2928,FAS
2023-08-31,71.91,72.9,61.4,65.82,64.6691,20157210,0.0,FAS
2023-07-31,63.73,74.95,60.9533,72.39,71.1242,34708451,0.0,FAS
2023-06-30,54.56,64.5,53.7,63.58,62.4683,24370587,0.6206,FAS
2023-05-31,63.15,64.0,52.12,53.8,52.3245,24196947,0.0,FAS
2023-04-28,57.56,64.98,55.0,62.53,60.8151,26028555,0.0,FAS
2023-03-31,80.52,84.95,48.8601,57.67,56.0884,73888536,0.1663,FAS
2023-02-28,86.0,92.29,78.57,81.52,79.0543,16076302,0.0,FAS
2023-01-31,75.0,88.51,72.64,88.34,85.6681,23239041,0.0,FAS
2022-12-30,88.9,89.48,67.5,73.55,71.3254,16957337,0.3259,FAS
2022-11-30,75.54,88.285,67.9763,88.2,85.1336,23176973,0.0,FAS
2022-10-31,55.99,75.49,49.62,73.73,71.1667,42288822,0.0,FAS
2022-09-30,70.0,82.42,53.24,54.21,52.3253,38477630,0.2226,FAS
2022-08-31,74.73,92.24,70.66,70.78,68.0997,23596218,0.0,FAS
2022-07-29,62.36,77.29,56.32,76.54,73.6416,28245940,0.0,FAS
2022-06-30,89.45,90.59,57.04,63.1,60.7105,32598487,0.1217,FAS
2022-05-31,84.29,95.72,68.31,90.18,86.5953,40161605,0.0,FAS
2022-04-29,119.39,119.82,82.6,83.21,79.9024,30124215,0.0,FAS
2022-03-31,116.64,132.4693,93.0,117.57,112.8966,42259981,0.0,FAS
2022-02-28,128.79,149.8431,104.08,120.69,115.8926,31861486,0.0,FAS
2022-01-31,133.6,155.8163,106.25,127.92,122.8352,43657571,0.0,FAS
2021-12-31,127.23,135.79,112.58,130.73,125.5335,33043244,0.3575,FAS
2021-11-30,147.3,150.4099,121.22,121.68,116.5071,29969005,0.0,FAS
2021-10-29,116.34,151.0,114.79,144.71,138.558,35658903,0.0,FAS
2021-09-30,124.62,127.6307,103.17,115.6,110.6856,35674863,0.1529,FAS
2021-08-31,108.29,129.53,103.52,124.25,118.7991,39983681,0.0,FAS
2021-07-30,110.56,112.2,92.91,106.98,102.2868,40810923,0.0,FAS
2021-06-30,124.8,126.65,96.01,109.3,104.505,43955076,0.141,FAS
2021-05-28,110.54,125.743,106.24,121.75,116.2504,35262239,0.0,FAS
2021-04-30,90.24,111.34,90.24,108.17,103.2838,33301911,0.0,FAS
2021-03-31,81.9,100.39,78.821,90.87,86.7653,53491127,0.1286,FAS
2021-02-26,58.43,89.26,57.35,77.82,74.1918,43419916,0.0,FAS
2021-01-29,61.62,73.8,56.15,57.01,54.3521,50350104,0.0,FAS
2020-12-31,53.72,60.96,52.65,60.8,57.9654,43719927,0.0792,FAS
2020-11-30,34.72,55.72,34.06,51.28,48.8188,65186953,0.0,FAS
2020-10-30,34.48,40.89,31.13,33.61,31.9969,66894641,0.0,FAS
2020-09-30,39.34,42.78,29.67,33.87,32.2444,66025630,0.0474,FAS
2020-08-31,35.36,41.06,34.65,39.52,37.5687,50638918,0.0,FAS
2020-07-31,31.48,36.36,29.19,34.97,33.2434,84789087,0.0,FAS
2020-06-30,32.5,44.76,28.76,31.29,29.7451,161754608,0.0364,FAS
2020-05-29,27.18,34.6,21.21,32.28,30.6532,130844539,0.0,FAS
2020-04-30,20.35,32.32,18.31,29.35,27.8709,166296827,0.0,FAS
2020-03-31,68.0,79.8,14.25,23.46,22.2777,135150011,0.1235,FAS
2020-02-28,94.92,108.13,62.03,67.36,63.5743,19809966,0.0,FAS
2020-01-31,95.5,102.24,92.04,93.08,87.8488,13241315,0.0,FAS
2019-12-31,90.4,95.5,83.71,94.64,89.3211,9456481,0.106,FAS
2019-11-29,82.0,90.87,81.91,90.1,84.9395,8920987,0.0,FAS
2019-10-31,78.5,82.85,67.59,80.95,76.3135,15502985,0.0,FAS
2019-09-30,71.31,81.25,70.09,77.64,73.1931,11814181,0.1513,FAS
2019-08-30,79.32,80.75,65.66,72.53,68.2415,19502173,0.0,FAS
2019-07-31,75.91,82.5,74.8,79.32,74.6301,13414136,0.0,FAS
2019-06-28,63.62,75.11,62.39,73.98,69.6058,13848498,0.1701,FAS
2019-05-31,74.5,74.8,63.01,63.67,59.762,22523648,0.0,FAS
2019-04-30,63.0,74.43,63.0,74.13,69.58,26379067,0.0,FAS
2019-03-29,64.18,67.14,57.84,61.86,58.0631,31084288,0.1556,FAS
2019-02-28,58.0,64.35,55.99,62.95,58.9452,22272014,0.0,FAS
2019-01-31,42.95,58.6,42.25,57.7,54.0292,41573582,0.0,FAS
2018-12-31,65.32,65.65,36.73,44.77,41.9218,56821780,0.1599,FAS
2018-11-30,59.24,65.95,55.75,62.84,58.6278,27274969,0.0,FAS
2018-10-31,71.65,72.41,52.25,58.55,54.6253,40320138,0.0,FAS
2018-09-28,74.59,78.35,70.0,70.34,65.625,15356587,0.1901,FAS
2018-08-31,70.03,76.6,68.61,74.72,69.5328,19669685,0.0,FAS
2018-07-31,62.06,72.4,61.95,69.52,64.6938,33793806,0.0,FAS
2018-06-29,65.75,70.88,61.09,63.0,58.6264,34357969,0.163,FAS
2018-05-31,63.3,70.49,59.02,64.17,59.5698,34999025,0.0,FAS
2018-04-30,63.94,66.65,58.24,63.46,58.9107,42864860,0.0,FAS
2018-03-29,70.02,76.98,59.36,64.28,59.6719,44301523,0.1273,FAS
2018-02-28,78.4,80.03,57.11,69.95,64.8205,51585427,0.0,FAS
2018-01-31,69.18,82.8,67.36,78.8,73.0215,42461541,0.0,FAS
2017-12-29,66.06,70.5,62.3,68.38,63.3656,25493095,0.0775,FAS
2017-11-30,60.88,67.78,57.92,65.89,60.989,26224456,0.0,FAS
2017-10-31,56.16,61.36,55.96,60.35,55.8611,32497511,0.0,FAS
2017-09-29,51.0,55.99,47.17,55.97,51.8069,33622381,0.0,FAS
2017-08-31,52.88,54.24,48.82,50.77,46.9936,39037084,0.0,FAS
2017-07-31,49.95,53.29,48.81,52.28,48.3913,41294932,0.0,FAS
2017-06-30,43.71,51.65,43.15,49.39,45.7163,66059244,0.0,FAS
2017-05-31,44.47,45.65,41.32,43.36,40.1348,47131821,0.0,FAS
2017-04-28,44.56,46.54,41.4,44.1,40.8198,64476723,0.0,FAS
2017-03-31,49.8,51.11,41.08,44.4,41.0975,86542525,0.0,FAS
2017-02-28,42.18,48.365,40.45,47.79,44.2353,65863876,0.0,FAS
2017-01-31,42.0,43.72,40.082,41.5,38.4132,73241730,0.0,FAS
2016-12-30,37.41,42.83,36.89,40.9,37.8578,81167047,0.0,FAS
2016-11-30,29.54,37.56,27.4246,37.01,34.2571,91014558,0.0,FAS
2016-10-31,28.94,30.15,27.58,29.36,27.1762,53367260,0.0,FAS
2016-09-30,31.02,31.4,28.04,29.15,26.9818,70035064,0.0,FAS
2016-08-31,28.4,30.99,27.26,30.92,28.6201,54774267,0.0,FAS
2016-07-29,25.22,28.73,23.55,28.37,26.2598,63868635,0.0,FAS
2016-06-30,27.88,28.815,21.14,25.46,23.5662,105611441,0.0,FAS
2016-05-31,26.94,28.95,25.37,28.38,26.2691,78741463,0.0,FAS
2016-04-29,24.35,28.28,22.83,26.72,24.7325,87431848,0.0,FAS
2016-03-31,20.7,25.33,20.67,24.77,22.9276,102797581,0.0,FAS
2016-02-29,21.64,22.22,16.13,20.18,18.679,146074359,0.0,FAS
2016-01-29,27.34,27.91,18.5601,21.99,20.3543,152546890,0.0,FAS
2015-12-31,31.81,32.67,26.76,29.069,26.9068,115956736,0.0,FAS
2015-11-30,30.42,33.15,28.91,31.56,29.2125,81228258,0.0,FAS
2015-10-30,25.17,31.8701,23.25,30.26,28.0092,130113885,0.0,FAS
2015-09-30,25.75,28.42,23.61,25.11,23.2423,105560589,0.0,FAS
2015-08-31,34.52,35.38,23.9,27.66,25.6026,83887075,0.0,FAS
2015-07-31,32.59,35.725,30.52,34.53,31.9616,67317019,0.0,FAS
2015-06-30,32.51,34.66,30.93,31.3,28.9719,71187864,0.0,FAS
2015-05-29,122.63,135.13,31.87,32.0,29.6198,31686128,0.0,FAS
2015-04-30,121.51,127.47,119.2,121.6135,28.1419,23629041,0.0,FAS
2015-03-31,124.31,131.9799,116.6,122.22,28.2823,27839181,0.0,FAS
2015-02-27,108.21,128.14,104.5,124.35,28.7752,22624905,0.0,FAS
2015-01-30,129.31,130.02,106.52,106.76,24.7048,32235500,0.0,FAS
2014-12-31,121.06,133.968,111.3601,127.15,29.4231,30482777,0.0,FAS
2014-11-28,113.83,124.11,112.46,122.49,28.3448,19679402,0.0,FAS
2014-10-31,102.36,114.22,83.701,113.76,26.3246,60062113,0.0,FAS
2014-09-30,107.38,112.7,101.2501,102.97,23.8277,31533972,0.0,FAS
2014-08-29,95.2,108.145,91.5,106.73,24.6978,34180000,0.0,FAS
2014-07-31,100.53,104.12,95.52,95.56,22.113,39858000,0.0,FAS
2014-06-30,93.99,101.84,92.62,99.96,23.1312,44675300,0.0,FAS
2014-05-30,89.59,93.99,85.25,93.59,21.6572,45888700,0.0,FAS
2014-04-30,95.46,96.96,81.23,89.7,20.757,78420200,0.0,FAS
2014-03-31,85.85,98.979,84.82,94.66,21.9048,118432000,0.0,FAS
2014-02-28,80.55,89.93,74.611,88.52,20.4839,102695500,0.0,FAS
2014-01-31,89.93,93.24,78.82,80.66,18.6651,97845000,0.0,FAS
2013-12-31,84.49,90.5799,79.78,90.3,20.8958,73172600,0.0,FAS
2013-11-29,76.3,85.76,73.7,84.151,19.4729,76659400,0.0,FAS
2013-10-31,68.98,80.58,64.38,76.005,17.5879,136626600,0.0,FAS
2013-09-30,64.86,76.77,62.9,68.77,15.9137,100446500,0.0,FAS
2013-08-30,75.16,76.9,62.22,62.65,14.4975,128241400,0.0,FAS
2013-07-31,64.83,78.29,63.01,73.22,16.9434,132105400,0.0,FAS
2013-06-28,67.77,68.94,55.7,63.65,14.7289,207239000,0.0,FAS
2013-05-31,58.23,73.5,56.78,67.14,15.5365,146091900,0.0,FAS
2013-04-30,165.3,167.23,50.87,58.85,13.6182,135077800,0.0,FAS
2013-03-28,145.11,169.25,142.33,165.21,12.7434,70515200,0.0,FAS
2013-02-28,144.42,155.938,138.37,147.7,11.3928,62043300,0.0,FAS
2013-01-31,127.52,144.68,126.84,142.32,10.9778,64865400,0.0,FAS
2012-12-31,108.6,124.18,104.24,119.9204,9.25,75853700,0.0,FAS
2012-11-30,109.59,115.19,93.82,107.24,8.2719,96878400,0.0,FAS
2012-10-31,107.04,119.29,105.26,109.13,8.4177,74883700,0.0,FAS
2012-09-28,96.28,119.97,95.4,104.94,8.0945,69161500,0.0,FAS
2012-08-31,90.18,100.21,84.0,96.65,7.4551,78714700,0.0,FAS
2012-07-31,90.25,93.39,80.06,89.42,6.8974,111580100,0.0,FAS
2012-06-29,74.45,89.23,67.79,89.2,6.8804,184187100,0.0,FAS
2012-05-31,103.37,108.95,73.95,78.68,6.069,171887900,0.0,FAS
2012-04-30,108.36,112.85,93.66,103.36,7.9727,161153700,0.0,FAS
2012-03-30,92.25,113.49,85.6236,109.15,8.4193,182760700,0.0,FAS
2012-02-29,81.185,95.0,81.13,91.38,7.0486,167869800,0.0,FAS
2012-01-31,68.98,83.76,65.6307,79.36,6.1214,241166600,0.0,FAS
2011-12-30,60.59,68.84,55.0,64.866,5.0034,292029500,0.0,FAS
2011-11-30,12.82,69.37,12.61,62.04,4.7854,704442500,0.0,FAS
2011-10-31,10.38,16.73,8.43,14.67,5.6578,1670905000,0.0,FAS
2011-09-30,15.57,15.75,9.75,10.62,4.0959,1248272000,0.0,FAS
2011-08-31,24.03,24.07,8.72,15.61,6.0204,1510791000,0.0,FAS
2011-07-29,25.62,27.52,21.95,22.94,8.8474,461352000,0.0,FAS
2011-06-30,27.91,27.94,22.26,25.64,9.8887,509257000,0.0,FAS
2011-05-31,30.95,31.06,25.88,28.22,10.8837,324760500,0.0,FAS
2011-04-29,30.85,32.15,27.67,30.68,11.8325,316306500,0.0,FAS
2011-03-31,32.73,32.76,26.78,30.28,11.6782,579357500,0.0,FAS
2011-02-28,30.47,34.29,29.63,32.53,12.546,432173000,0.0,FAS
2011-01-31,28.84,31.6,28.08,29.95,11.5509,546373000,0.0,FAS
2010-12-31,22.28,28.2401,22.07,27.844,10.7387,557900000,0.0,FAS
2010-11-30,22.31,26.97,21.07,21.4,8.2534,802109000,0.0,FAS
2010-10-29,21.9,23.92,21.1,22.18,8.5542,689905500,0.0,FAS
2010-09-30,18.54,23.65,18.52,21.34,8.2303,720463000,0.0,FAS
2010-08-31,23.48,24.2545,17.05,17.9,6.9036,843445500,0.0,FAS
2010-07-30,19.12,24.04,17.4,22.61,8.7201,1112765500,0.0,FAS
2010-06-30,23.35,25.15,18.96,19.09,7.3625,1232433500,0.0,FAS
2010-05-28,103.35,106.6,20.31,24.14,9.3102,1289007334,0.0,FAS
2010-04-30,98.71,119.22,97.12,100.94,12.9766,576665168,0.0,FAS
2010-03-31,75.89,103.0,74.0,96.47,12.402,620309001,0.2917,FAS
2010-02-26,70.75,76.19,59.82,74.96,9.6074,638581167,0.0,FAS
2010-01-29,75.75,87.14,67.47,69.4,8.8948,511634833,0.0,FAS
2009-12-31,76.9,79.57,68.77,74.13,9.501,403883834,0.0,FAS
2009-11-30,69.19,82.79,63.8,75.43,9.6676,693822667,0.0,FAS
2009-10-30,81.21,94.54,66.3,67.59,8.6628,725769502,0.0,FAS
2009-09-30,78.01,91.34,65.39,82.13,10.5263,678903334,0.1657,FAS
2009-08-31,60.92,82.31,59.93,79.15,10.1257,771038003,0.0,FAS
2009-07-31,9.36,58.25,7.02,57.57,7.3649,1445853501,0.0,FAS
2009-06-30,10.34,11.07,7.93,9.242,5.9117,3803574999,0.0113,FAS
2009-05-29,8.08,13.27,7.7,10.0,6.3878,4976024998,0.0,FAS
2009-04-30,5.12,10.05,5.1,8.13,5.1933,6411325831,0.0,FAS
2009-03-31,4.49,7.8,2.32,5.5,3.5133,6433234998,0.0156,FAS
2009-02-27,8.38,11.53,3.92,4.9,3.1221,2444984166,0.0,FAS
2009-01-30,25.39,27.0,7.21,9.17,5.8428,835970832,0.0,FAS
2008-12-31,27.53,32.68,16.23,25.47,16.2285,168532501,0.0468,FAS
2024-09-24,5.96,6.59,4.89,4.95,4.95,287899542,0.0585,DUST
2024-08-30,6.09,7.5,5.424,5.82,5.752,336871733,0.0,DUST
2024-07-31,7.62,7.8,5.64,6.09,6.0188,251879717,0.0,DUST
2024-06-28,7.27,8.275,6.96,7.62,7.5309,163539171,0.0956,DUST
2024-05-31,8.23,8.46,6.515,7.3,7.1261,206093127,0.0,DUST
2024-04-30,8.99,9.28,7.25,8.3,8.1022,258886770,0.0,DUST
2024-03-28,13.49,13.9101,9.245,9.34,9.1175,92005733,0.1518,DUST
2024-02-29,12.24,14.602,11.45,13.82,13.3085,64576547,0.0,DUST
2024-01-31,10.2,13.165,10.07,12.5,12.0374,82976360,0.0,DUST
2023-12-29,10.67,12.6,9.36,10.19,9.8129,96404947,0.0638,DUST
2023-11-30,13.38,14.36,10.53,10.55,10.0951,80930267,0.0,DUST
2023-10-31,15.07,16.17,11.59,13.44,12.8605,97467029,0.0,DUST
2023-09-29,12.23,14.99,11.74,14.75,14.114,67602288,0.1367,DUST
2023-08-31,11.44,14.4799,11.32,12.58,11.9055,102858449,0.0,DUST
2023-07-31,12.03,13.08,10.01,10.96,10.3724,98418506,0.0,DUST
2023-06-30,11.48,13.23,10.58,12.11,11.4607,88038958,0.0982,DUST
2023-05-31,9.6,12.26,8.46,11.62,10.9088,98251930,0.0,DUST
2023-04-28,10.68,10.84,8.59,9.95,9.341,90878371,0.0,DUST
2023-03-31,15.25,16.55,10.52,10.77,10.1109,112937925,0.1571,DUST
2023-02-28,11.55,16.55,10.86,15.6,14.4642,76335666,0.0,DUST
2023-01-31,14.02,14.05,10.665,11.59,10.7462,99333137,0.0,DUST
2022-12-30,14.33,15.935,13.36,14.64,13.5741,82704881,0.0,DUST
2022-11-30,22.39,26.78,14.8211,15.04,13.945,99589010,0.0,DUST
2022-10-31,23.95,27.65,20.84,23.68,21.9559,73095823,0.0,DUST
2022-09-30,27.55,31.39,22.45,24.72,22.9202,66447534,0.0,DUST
2022-08-31,22.08,26.54,20.06,26.51,24.5799,68072973,0.0,DUST
2022-07-29,21.64,25.87,19.48,22.27,20.6486,60430254,0.0,DUST
2022-06-30,16.04,21.05,14.575,20.96,19.4339,50799871,0.0,DUST
2022-05-31,14.72,18.93,13.04,16.35,15.1596,66871072,0.0,DUST
2022-04-29,12.12,14.35,10.07,13.98,12.9621,69578306,0.0,DUST
2022-03-31,15.05,15.05,10.955,11.99,11.117,78039950,0.0,DUST
2022-02-28,20.04,20.79,13.88,15.33,14.2138,57931587,0.0,DUST
2022-01-31,19.67,22.43,17.16,20.46,18.9703,44752077,0.0,DUST
2021-12-31,19.73,24.2001,18.875,18.94,17.561,41055435,0.0,DUST
2021-11-30,20.47,21.57,16.72,20.24,18.7664,41812797,0.0,DUST
2021-10-29,23.87,24.73,17.975,20.61,19.1094,41458454,0.0,DUST
2021-09-30,19.9,25.2638,18.915,24.2,22.438,39722852,0.0,DUST
2021-08-31,17.92,22.88,16.99,20.01,18.5531,38836394,0.0,DUST
2021-07-30,18.62,20.24,17.435,17.88,16.5782,33448042,0.0,DUST
2021-06-30,14.39,19.948,14.2,19.16,17.765,45708458,0.0,DUST
2021-05-28,18.84,18.92,14.0401,14.55,13.4906,63211869,0.0,DUST
2021-04-30,21.62,21.84,17.0899,19.54,18.1173,49940115,0.0,DUST
2021-03-31,24.22,25.47,19.98,22.33,20.7042,70765719,0.0,DUST
2021-02-26,19.0,25.1533,18.72,24.83,23.0222,61591242,0.0,DUST
2021-01-29,18.05,21.98,16.735,20.88,19.3598,66673761,0.0,DUST
2020-12-31,20.8,22.55,18.51,19.9,18.4511,74185034,0.0,DUST
2020-11-30,19.4,24.2555,15.7986,22.37,20.7413,82994592,0.0,DUST
2020-10-30,18.6,21.78,16.78,20.0,18.5438,108111300,0.0,DUST
2020-09-30,16.17,21.24,15.61,19.01,17.6259,161409876,0.0,DUST
2020-08-31,17.6,20.55,15.1351,16.91,15.6788,220140212,0.0,DUST
2020-07-31,24.97,26.36,16.25,17.41,16.1424,145219648,0.0,DUST
2020-06-30,29.17,35.05,24.75,24.87,23.0593,79963417,0.0,DUST
2020-05-29,36.53,36.89,25.0,29.54,27.3892,83454134,0.0,DUST
2020-04-30,3.05,35.02,1.38,34.85,32.3126,359168680,0.0,DUST
2020-03-31,6.45,17.8,2.04,3.01,69.7712,676545293,0.0287,DUST
2020-02-28,5.8,7.62,4.16,7.1,162.739,321119479,0.0,DUST
2020-01-31,5.46,6.6,5.3,5.66,129.7328,268133935,0.0,DUST
2019-12-31,7.63,7.69,5.38,5.62,128.8159,299644866,0.013,DUST
2019-11-29,6.96,8.56,6.79,7.46,170.6594,248323690,0.0,DUST
2019-10-31,8.38,8.57,6.77,6.81,155.7896,408324390,0.0,DUST
2019-09-30,6.08,8.66,5.67,8.23,188.2744,446939404,0.0315,DUST
2019-08-30,10.05,10.09,5.78,6.32,143.8555,381088756,0.0,DUST
2019-07-31,12.34,12.69,7.93,9.54,217.149,220317600,0.0,DUST
2019-06-28,18.55,18.7,10.5,11.37,258.8034,150682104,0.0204,DUST
2019-05-31,22.29,24.52,19.1,19.54,443.9634,73482220,0.0,DUST
2019-04-30,17.98,22.84,16.83,21.98,499.4021,113019625,0.0,DUST
2019-03-29,19.5,21.22,16.01,18.08,410.7912,119122162,0.0755,DUST
2019-02-28,18.5,20.24,15.75,19.0,429.9811,105780752,0.0,DUST
2019-01-31,23.05,25.87,18.1,18.1,409.6136,78583362,0.0,DUST
2018-12-31,31.6,32.87,22.29,22.86,517.3352,54909338,0.0226,DUST
2018-11-30,33.22,38.5,29.45,33.25,751.7403,46408610,0.0,DUST
2018-10-31,39.78,41.4,27.69,35.17,795.1491,54680589,0.0,DUST
2018-09-28,41.52,48.79,35.79,39.29,888.297,35131750,0.031,DUST
2018-08-31,27.69,43.18,27.38,39.74,897.725,62426093,0.0,DUST
2018-07-31,24.8,28.0,22.21,27.45,620.0944,60436644,0.0,DUST
2018-06-29,24.22,26.04,23.13,24.22,547.1288,67529148,0.0,DUST
2018-05-31,25.0,25.3,22.06,24.13,545.0957,83290262,0.0,DUST
2018-04-30,24.94,26.77,21.44,24.41,551.4209,94574941,0.0,DUST
2018-03-29,29.66,30.36,24.1,25.75,581.6915,84662105,0.0303,DUST
2018-02-28,22.13,31.46,21.52,28.67,646.9728,110237903,0.0,DUST
2018-01-31,23.07,24.38,19.04,21.7,489.6864,131249747,0.0,DUST
2017-12-29,27.64,31.98,23.32,23.7,534.8188,84373228,0.0,DUST
2017-11-30,26.71,28.28,24.85,27.28,615.6058,95749995,0.0,DUST
2017-10-31,26.06,27.99,22.6,27.3,616.0571,124300648,0.0,DUST
2017-09-29,20.89,25.88,19.01,25.86,583.5618,168428140,0.0,DUST
2017-08-31,27.8,30.66,21.1,21.19,478.1777,158015935,0.0,DUST
2017-07-31,32.86,35.88,26.72,27.47,619.8934,101486111,0.0,DUST
2017-06-30,30.26,32.75,25.093,31.08,701.3574,153017933,0.0,DUST
2017-05-31,33.29,38.68,26.31,29.46,664.8001,173765285,0.0,DUST
2017-04-28,30.85,34.94,23.66,32.25,727.7598,189784316,0.0,DUST
2017-03-31,35.15,41.42,28.31,31.06,700.906,194567648,0.0,DUST
2017-02-28,31.6,34.33,24.04,33.33,752.1313,162569285,0.0,DUST
2017-01-31,47.24,47.87,29.3767,30.32,684.207,169074745,0.0,DUST
2016-12-30,56.5,72.47,40.5,48.37,1091.5269,143150130,0.0,DUST
2016-11-30,35.66,62.71,31.5,54.54,1230.7603,194204751,0.0,DUST
2016-10-31,34.15,51.35,33.3192,38.2,862.0287,179078976,0.0,DUST
2016-09-30,42.78,43.7,27.06,33.67,759.8038,285930767,0.0,DUST
2016-08-31,5.26,42.83,4.56,42.21,952.5191,682558004,0.0,DUST
2016-07-29,7.17,7.34,5.11,5.21,587.8494,676773042,0.0,DUST
2016-06-30,16.7,17.53,7.55,7.83,883.4665,606174536,0.0,DUST
2016-05-31,1.28,18.67,1.21,17.0,1918.1266,1464433792,0.0,DUST
2016-04-29,3.49,3.55,1.31,1.32,1489.3689,1565800454,0.0,DUST
2016-03-31,4.17,4.75,2.79,3.23,3644.4405,1352718505,0.0,DUST
2016-02-29,13.23,13.61,3.92,4.2,4738.901,709085604,0.0,DUST
2016-01-29,15.0,20.96,12.25,13.587,15330.3448,158295257,0.0,DUST
2015-12-31,18.49,19.11,14.51,16.52,18639.6773,199120643,0.0,DUST
2015-11-30,16.46,23.58,15.114,18.85,21268.6391,209950615,0.0,DUST
2015-10-30,24.46,26.81,11.3,15.89,17928.8422,313814674,0.0,DUST
2015-09-30,24.94,35.0,21.55,24.76,27936.9498,86853228,0.0,DUST
2015-08-31,34.99,40.0,18.67,25.55,28828.3145,110638445,0.0,DUST
2015-07-31,18.49,39.8195,17.271,34.33,38734.8743,130219342,0.0,DUST
2015-06-30,13.48,18.52,13.28,18.33,20681.918,114728743,0.0,DUST
2015-05-29,13.61,14.92,11.1,13.98,15773.7705,171052557,0.0,DUST
2015-04-30,18.25,18.49,11.85,13.25,14950.1044,169709034,0.0,DUST
2015-03-31,13.11,23.39,13.06,19.2,21663.5475,168487048,0.0,DUST
2015-02-27,12.82,15.44,11.4701,13.2099,14904.8592,166102786,0.0,DUST
2015-01-30,26.01,26.44,11.07,12.11,13663.8313,191200083,0.0,DUST
2014-12-31,27.03,33.56,20.84,24.6601,27824.2317,105912243,0.0,DUST
2014-11-28,44.52,51.5,22.851,30.16,34029.8225,90392043,0.0,DUST
2014-10-31,27.83,48.0,23.6,47.25,53312.6364,88268269,0.0,DUST
2014-09-30,16.05,28.57,16.01,28.38,32021.4311,89664416,0.0,DUST
2014-08-29,16.27,17.5,13.8865,15.21,17161.5915,82910600,0.0,DUST
2014-07-31,16.56,17.68,14.21,16.92,19091.0012,94868700,0.0,DUST
2014-06-30,29.08,30.2476,16.51,16.64,18775.0745,65591100,0.0,DUST
2014-05-30,24.33,30.63,21.92,28.34,31976.2988,46903000,0.0,DUST
2014-04-30,25.54,27.2499,20.71,23.56,26582.9781,75356600,0.0,DUST
2014-03-31,19.03,27.149,16.16,25.84,29155.5243,122558300,0.0,DUST
2014-02-28,29.24,31.45,18.56,20.88,23559.1079,103830900,0.0,DUST
2014-01-31,41.18,42.5,27.95,30.02,33871.8592,73747000,0.0,DUST
2013-12-31,44.48,51.8154,40.2,44.05,49702.0452,53952900,0.0,DUST
2013-11-29,32.42,46.37,30.92,41.86,47231.0468,62433000,0.0,DUST
2013-10-31,36.56,43.84,25.36,30.72,34661.676,86215000,0.0,DUST
2013-09-30,26.0,37.25,23.1,34.06,38430.2306,110725200,0.0,DUST
2013-08-30,75.07,107.0,20.1,27.44,30960.82,100100450,0.0,DUST
2013-07-31,113.76,143.0,67.19,75.99,42870.1295,25218700,0.0,DUST
2013-06-28,76.52,166.499,70.41,122.15,68911.5189,15758400,0.0,DUST
2013-05-31,89.52,120.09,74.75,79.12,44635.9343,17692600,0.0,DUST
2013-04-30,51.25,119.63,51.16,82.29,46424.3053,21419200,0.0,DUST
2013-03-28,54.62,63.7316,48.62,51.19,28879.0885,10453000,0.0,DUST
2013-02-28,39.78,55.85,37.9,55.35,31225.9728,11767100,0.0,DUST
2013-01-31,29.66,42.5,29.07,41.87,23621.1649,12674700,0.0,DUST
2012-12-31,31.07,37.69,29.73,31.51,17776.5204,13754100,0.0,DUST
2012-11-30,24.25,36.2699,24.21,31.0299,17505.6696,20734800,0.0,DUST
2012-10-31,23.04,28.47,22.32,23.74,13393.0369,25831800,0.0,DUST
2012-09-28,34.71,36.3419,22.04,23.71,13376.1123,19389600,0.0,DUST
2012-08-31,51.81,57.17,34.64,34.87,19672.0808,8855400,0.0,DUST
2012-07-31,47.48,61.44,41.36,50.81,28664.7096,7320500,0.0,DUST
2012-06-29,49.9,54.3,37.75,46.79,26396.807,11415700,0.0,DUST
2012-05-31,48.68,78.66,47.24,53.82,30362.8158,6733500,0.0,DUST
2012-04-30,42.08,56.5304,38.86,48.93,27604.0984,4359900,0.0,DUST
2012-03-30,30.77,45.94,29.361,41.97,23677.5804,5552500,0.0,DUST
2012-02-29,29.32,36.94,27.37,31.04,17511.3676,5148900,0.0,DUST
2012-01-31,39.32,41.936,28.31,30.32,17105.176,3371500,0.0,DUST
2011-12-30,30.12,48.88,29.2664,42.6,24032.998,4908800,1.9766,DUST
2011-11-30,35.61,37.23,28.0968,30.15,16184.7684,4648000,0.0,DUST
2011-10-31,38.14,46.73,31.14,33.28,17864.9782,4921000,0.0,DUST
2011-09-30,32.19,41.31,27.91,39.72,21322.0232,6364600,0.0,DUST
2011-08-31,40.83,44.93,31.19,32.13,17247.6487,3998800,0.0,DUST
2011-07-29,45.93,47.76,34.8892,40.83,21917.8804,2306500,0.0,DUST
2011-06-30,40.898,51.99,40.4192,45.22,24274.4685,2359600,0.0,DUST
2011-05-31,37.23,48.4836,36.41,40.74,21869.5676,2098700,0.0,DUST
2011-04-29,39.98,40.59,34.55,36.33,19502.2433,953200,0.0,DUST
2011-03-31,40.21,48.31,37.53,39.71,21316.6552,961100,0.0,DUST
2011-02-28,49.95,51.01,40.48,40.91,21960.825,1422000,0.0,DUST
2011-01-31,39.69,54.46,39.69,51.29,27532.8946,1580900,0.0,DUST
2024-09-25,46.13,54.505,41.56,53.52,53.52,31186417,0.0656,NUGT
2024-08-30,46.35,50.935,36.74,47.3,47.2423,43690810,0.0,NUGT
2024-07-31,37.87,50.3,36.97,46.35,46.2935,39542839,0.0,NUGT
2024-06-28,41.81,43.09,35.48,37.58,37.5342,35073839,0.1197,NUGT
2024-05-31,37.75,47.07,36.65,41.65,41.4669,39708994,0.0,NUGT
2024-04-30,35.85,43.58,34.53,37.16,36.9967,65019449,0.0,NUGT
2024-03-28,25.02,34.6484,24.28,34.35,34.199,55473583,0.1985,NUGT
2024-02-29,28.54,30.2077,23.145,24.44,24.1684,61606787,0.0,NUGT
2024-01-31,34.84,35.28,26.54,27.85,27.5405,55497010,0.0,NUGT
2023-12-29,34.99,37.88,29.35,34.78,34.3935,53892661,0.3292,NUGT
2023-11-30,28.679,35.34,26.41,35.2,34.4901,61645105,0.0,NUGT
2023-10-31,26.1,33.23,24.185,28.6,28.0232,64572412,0.0,NUGT
2023-09-29,32.94,33.655,26.19,26.68,26.1419,42576601,0.1103,NUGT
2023-08-31,35.69,36.14,27.96,32.11,31.3546,50362588,0.0,NUGT
2023-07-31,35.17,41.35,32.0859,37.37,36.4908,39402752,0.0,NUGT
2023-06-30,37.76,40.65,31.97,34.85,34.0301,40432931,0.0868,NUGT
2023-05-31,46.2,51.89,35.4511,37.39,36.4197,48598818,0.0,NUGT
2023-04-28,42.29,51.8507,41.55,44.72,43.5594,43041933,0.0,NUGT
2023-03-31,31.57,42.84,28.74,41.93,40.8418,75891619,0.0532,NUGT
2023-02-28,42.4133,44.99,29.005,30.78,29.9372,47798677,0.0,NUGT
2023-01-31,35.98,46.04,35.83,42.38,41.2196,49621772,0.0,NUGT
2022-12-30,36.59,38.11,32.22,34.47,33.5262,62762541,0.2396,NUGT
2022-11-30,26.31,35.39,21.7,35.02,33.8279,82035033,0.0,NUGT
2022-10-31,26.19,29.63,21.82,25.0,24.149,85312129,0.0,NUGT
2022-09-30,24.3001,29.29,20.3,25.32,24.4581,89025723,0.0,NUGT
2022-08-31,31.44,34.22,25.26,25.27,24.4098,82916759,0.0,NUGT
2022-07-29,33.16,36.79,26.88,31.13,30.0703,82755118,0.0,NUGT
2022-06-30,47.97,52.39,34.2,34.35,33.1807,50279595,0.0,NUGT
2022-05-31,55.23,62.1,41.31,47.09,45.4871,64598901,0.0,NUGT
2022-04-29,69.78,82.86,56.772,58.28,56.2962,58809444,0.0,NUGT
2022-03-31,58.67,78.33,58.53,70.81,68.3996,72465907,0.0,NUGT
2022-02-28,45.89,63.1511,44.0,57.48,55.5234,66301486,0.0,NUGT
2022-01-31,49.14,54.36,40.99,44.85,43.3233,56811058,0.0,NUGT
2021-12-31,50.25,51.28,40.3236,51.14,49.3992,51668614,0.0,NUGT
2021-11-30,49.38,59.86,46.7501,49.11,47.4383,45853262,0.0,NUGT
2021-10-29,43.13,56.24,41.61,49.1,47.4286,44834893,0.0,NUGT
2021-09-30,53.12,55.479,40.83,42.66,41.2079,59992572,0.0,NUGT
2021-08-31,60.87,64.01,46.77,52.5,50.7129,54867667,0.0,NUGT
2021-07-30,59.75,62.42,54.08,61.05,58.9719,45809989,0.0,NUGT
2021-06-30,79.8103,80.65,55.72,58.1,56.1223,49544661,0.0,NUGT
2021-05-28,62.5435,81.82,62.3501,78.77,76.0887,51688602,0.0,NUGT
2021-04-30,56.0,69.56,55.601,60.5,58.4406,47233959,0.0,NUGT
2021-03-31,51.71,61.54,48.74,54.56,52.7028,70452236,0.0,NUGT
2021-02-26,68.17,69.1791,49.66,50.35,48.6361,60072234,0.0,NUGT
2021-01-29,75.65,80.94,59.69,62.81,60.672,55542138,0.0,NUGT
2020-12-31,68.5,75.18,62.53,69.4,67.0376,54270912,0.0,NUGT
2020-11-30,79.19,94.71,59.2,64.28,62.0919,62594984,0.0,NUGT
2020-10-30,86.55,93.9,70.8,76.88,74.263,61401397,0.0,NUGT
2020-09-30,104.0,105.9,76.12,84.79,81.9038,69068149,0.0,NUGT
2020-08-31,104.3,119.8,85.63,100.06,96.654,80315811,0.0,NUGT
2020-07-31,77.91,113.48,73.25,105.72,102.1213,97141649,0.0,NUGT
2020-06-30,70.83,78.4,57.22,78.18,75.5188,124316141,0.0,NUGT
2020-05-29,59.48,83.48,58.85,69.58,67.2115,113871439,0.0,NUGT
2020-04-30,6.61,72.56,6.6,62.54,60.4111,452855462,0.0,NUGT
2020-03-31,25.53,34.2,4.83,6.8,32.8426,800207868,0.0,NUGT
2020-02-28,32.19,42.82,20.8,23.1,111.5684,246132762,0.0,NUGT
2020-01-31,35.96,36.84,29.05,33.02,159.48,243647846,0.0,NUGT
2019-12-31,27.13,36.5,26.8,34.84,168.2703,222500915,0.142,NUGT
2019-11-29,30.88,31.62,24.65,27.66,132.9594,201032418,0.0,NUGT
2019-10-31,27.6,33.15,25.8,31.55,151.6583,235565710,0.0,NUGT
2019-09-30,42.25,45.1,27.3,27.86,133.9207,237407121,0.0,NUGT
2019-08-30,28.05,44.74,28.0,40.61,195.209,221983105,0.0,NUGT
2019-07-31,25.11,36.68,24.14,29.4,141.3234,227334350,0.0,NUGT
2019-06-28,17.98,29.8,17.73,27.43,131.8538,233646089,0.0498,NUGT
2019-05-31,15.56,17.3,14.06,17.08,81.9545,179581700,0.0,NUGT
2019-04-30,19.9,21.04,15.33,15.7,75.3329,169111323,0.0,NUGT
2019-03-29,19.23,22.52,17.58,19.79,94.9579,217764850,0.0264,NUGT
2019-02-28,20.95,23.97,18.93,19.79,94.8279,178324072,0.0,NUGT
2019-01-31,17.55,21.34,15.24,21.34,102.255,196289500,0.0,NUGT
2018-12-31,13.91,18.64,13.42,17.5,83.8549,198218667,0.0349,NUGT
2018-11-30,13.86,15.17,11.8,13.32,63.6966,197770051,0.0,NUGT
2018-10-31,12.74,17.15,12.12,13.25,63.3619,254991965,0.0,NUGT
2018-09-28,12.85,14.23,10.56,12.95,61.9273,186010077,0.0,NUGT
2018-08-31,21.03,21.1,12.59,13.3,63.601,230156971,0.0,NUGT
2018-07-31,23.9,26.71,20.69,21.12,100.9965,216237293,0.0,NUGT
2018-06-29,24.99,26.12,22.76,24.33,116.3468,97957654,0.0,NUGT
2018-05-31,24.67,27.6,24.03,25.22,120.6028,93778338,0.0,NUGT
2018-04-30,25.1,28.75,23.42,25.21,120.555,108562163,0.0,NUGT
2018-03-29,21.91,26.27,21.25,24.4,116.6815,135647204,0.0646,NUGT
2018-02-28,31.75,32.76,21.4,22.75,108.4767,159188652,0.0,NUGT
2018-01-31,32.57,37.96,30.27,32.39,154.4422,126608573,0.0,NUGT
2017-12-29,28.12,32.29,23.96,31.7,151.1521,115964692,0.0,NUGT
2017-11-30,29.54,31.1201,27.7,28.34,135.131,109785653,0.0,NUGT
2017-10-31,31.43,35.95,28.4,29.14,138.9455,127746406,0.0,NUGT
2017-09-29,40.5,44.03,31.75,31.84,151.8197,126723562,0.0,NUGT
2017-08-31,32.45,40.37,28.78,39.9,190.2514,153022915,0.0,NUGT
2017-07-31,28.75,33.83,25.7,32.8,156.3972,185988215,0.0,NUGT
2017-06-30,32.73,38.84,29.05,30.26,144.2859,254115021,0.0,NUGT
2017-05-31,31.7,38.94,26.9,33.84,161.3561,260837587,0.0,NUGT
2017-04-28,9.04,11.62,7.57,8.15,155.4435,815304122,0.0,NUGT
2017-03-31,8.95,10.0,7.4,8.99,171.4647,965528794,0.0,NUGT
2017-02-28,10.58,13.7,9.2,9.48,180.8104,870622866,0.0,NUGT
2017-01-31,7.86,11.64,7.75,11.08,211.3269,1186293600,0.0,NUGT
2016-12-30,7.67,9.26,5.51,7.64,145.7164,1140539324,0.0,NUGT
2016-11-30,15.01,16.555,7.2,7.93,151.2475,961594426,0.0,NUGT
2016-10-31,18.64,19.1397,11.09,14.06,268.1639,728062140,0.0,NUGT
2016-09-30,17.52,25.06,17.15,18.93,361.0486,557676300,0.0,NUGT
2016-08-31,158.77,178.978,17.52,17.79,339.3056,212549955,0.0,NUGT
2016-07-29,137.26,169.83,117.1,160.51,612.2758,100766313,0.0,NUGT
2016-06-30,74.5,127.215,70.65,126.12,481.093,143352421,0.0,NUGT
2016-05-31,123.0,123.96,67.33,73.07,278.7303,162900628,0.0,NUGT
2016-04-29,54.0,119.18,52.79,119.07,454.2003,156893418,0.0,NUGT
2016-03-31,58.99,74.65,50.66,58.54,223.3046,208363648,0.0,NUGT
2016-02-29,26.45,62.9,25.12,58.04,221.3974,209616679,0.0,NUGT
2016-01-29,26.48,31.5,17.4,25.67,97.9199,180756243,0.0,NUGT
2015-12-31,26.09,31.7,22.0,24.28,92.6176,171590430,0.0,NUGT
2015-11-30,33.41,36.31,21.7,25.45,97.0807,174280951,0.0,NUGT
2015-10-30,29.32,52.6,26.55,34.69,132.3273,120315214,0.0,NUGT
2015-09-30,3.44,3.68,2.36,2.88,109.8595,959778664,0.0,NUGT
2015-08-31,3.36,5.26,2.61,3.32,126.6436,1021241819,0.0,NUGT
2015-07-31,8.02,8.44,3.06,3.44,131.221,786832351,0.0,NUGT
2015-06-30,11.42,11.58,8.0,8.11,309.3612,357685938,0.0,NUGT
2015-05-29,11.81,14.19,10.33,10.995,419.4114,285207017,0.0,NUGT
2015-04-30,9.86,13.65,9.74,12.203,465.4914,366962859,0.0,NUGT
2015-03-31,15.78,15.85,8.17,9.42,359.332,575580848,0.0,NUGT
2015-02-27,17.42,19.55,13.49,15.67,597.7424,301270423,0.0,NUGT
2015-01-30,10.5,21.4,10.35,18.56,707.9833,341670027,0.0,NUGT
2014-12-31,12.94,15.28,9.07,11.16,425.7055,380514249,0.0,NUGT
2014-11-28,11.5,16.96,9.51,11.93,455.0776,328784251,0.0,NUGT
2014-10-31,23.33,24.75,10.76,10.917,416.4361,212486350,0.0,NUGT
2014-09-30,43.28,43.35,22.72,22.88,872.7725,114969562,0.0,NUGT
2014-08-29,44.0,51.24,40.75,45.74,1744.7821,58900600,0.0,NUGT
2014-07-31,46.48,53.22,42.16,42.7,1628.8193,83835800,0.0,NUGT
2014-06-30,28.47,46.92,27.25,46.24,1763.8549,86343000,0.0,NUGT
2014-05-30,35.18,38.79,27.02,29.02,1106.9868,75777200,0.0,NUGT
2014-04-30,35.11,42.62,31.88,36.39,1388.1202,96787900,0.0,NUGT
2014-03-31,51.65,59.5,33.33,34.65,1321.7468,108517900,0.0,NUGT
2014-02-28,37.46,53.49,34.61,47.41,1808.4853,95595700,0.0,NUGT
2014-01-31,29.25,40.17,27.84,36.53,1393.4606,112553900,0.0,NUGT
2013-12-31,30.6,31.44,24.14,27.41,1045.5723,129600100,0.0,NUGT
2013-11-29,45.81,46.5,29.52,32.6,1243.5482,107108800,0.0,NUGT
2013-10-31,46.44,59.87,37.83,48.24,1840.1462,105751800,0.0,NUGT
2013-09-30,80.23,82.42,47.45,50.26,1917.2004,102351100,0.0,NUGT
2013-08-30,7.45,106.08,5.03,76.032,2900.2902,510410200,0.0,NUGT
2013-07-31,6.19,8.57,4.67,7.35,2803.7054,591103000,0.0,NUGT
2013-06-28,11.5,12.42,4.55,5.86,2235.3352,367709000,0.0,NUGT
2013-05-31,11.77,13.54,8.13,11.16,4257.0547,253448000,0.0,NUGT
2013-04-30,5.62,26.11,5.32,12.94,4936.0473,195938000,0.0,NUGT
2013-03-28,5.59,5.95,4.72,5.62,10718.928,169645000,0.0,NUGT
2013-02-28,8.14,8.53,5.44,5.52,10528.1997,140955000,0.0,NUGT
2013-01-31,11.61,11.82,7.65,7.77,14819.5855,148130000,0.0,NUGT
2012-12-31,11.66,11.87,9.24,10.97,20922.8897,109835000,0.0,NUGT
2012-11-30,16.16,16.25,10.22,11.72,22353.3516,129525000,0.0,NUGT
2012-10-31,18.23,18.61,14.06,16.55,31565.5264,111060000,0.0,NUGT
2012-09-28,12.99,19.41,12.38,17.72,33797.047,121305000,0.0,NUGT
2012-08-31,9.21,13.13,7.94,12.9,24603.9451,95675000,0.0,NUGT
2012-07-31,10.8,12.23,7.92,9.4,17928.4561,80545000,0.0,NUGT
2012-06-29,11.36,14.41,9.46,10.92,20827.5256,78885000,0.0,NUGT
2012-05-31,13.21,13.55,7.69,10.58,20179.0495,86190000,0.0,NUGT
2012-04-30,16.37,17.55,11.35,13.12,25023.5472,40785000,0.0,NUGT
2012-03-30,23.53,24.5,14.93,16.36,31203.1427,34755000,0.0,NUGT
2012-02-29,25.91,27.03,20.3,23.35,44535.0478,27780000,0.0,NUGT
2012-01-31,21.0,26.75,19.05,25.01,47701.1369,15590000,0.0,NUGT
2011-12-30,33.62,34.72,17.09,19.57,37325.5197,19680000,1.0189,NUGT
2011-11-30,30.15,38.05,27.95,33.5,61167.5417,14760000,0.0,NUGT
2011-10-31,30.25,34.8,24.19,32.49,59323.386,13345000,0.0,NUGT
2011-09-30,38.35,43.65,28.02,29.12,53170.1139,15300000,0.0,NUGT
2011-08-31,32.0,40.08,28.43,38.44,70187.4718,10145000,0.0,NUGT
2011-07-29,29.19,37.7,28.0,32.0,58428.6966,8610000,0.0,NUGT
2011-06-30,33.85,34.19,26.05,29.62,54083.0623,4060000,0.0,NUGT
2011-05-31,38.1,39.03,28.62,33.88,61861.3825,4010000,0.0,NUGT
2011-04-29,36.49,41.72,35.83,39.09,71374.3047,2110000,0.0,NUGT
2011-03-31,37.45,38.41,30.53,36.73,67065.1883,1365000,0.0,NUGT
2011-02-28,30.87,37.59,30.13,36.69,66992.1524,1650000,0.0,NUGT
2011-01-31,39.73,39.9,28.47,29.98,54740.3851,975000,0.0,NUGT
2024-09-25,41.5,52.28,36.4632,50.79,50.79,17417211,0.146,JNUG
2024-08-30,43.69,47.86,33.14,42.87,42.7498,23905580,0.0,JNUG
2024-07-31,37.71,50.1,36.3,43.71,43.5875,22964048,0.0,JNUG
2024-06-28,43.82,44.29,35.425,37.25,37.1456,23201029,0.2034,JNUG
2024-05-31,36.61,48.2,35.23,43.99,43.6263,29573830,0.0,JNUG
2024-04-30,34.7,44.0049,33.405,35.7,35.4048,35426517,0.0,JNUG
2024-03-28,23.58,33.6,22.9997,33.32,33.0445,34282499,0.3498,JNUG
2024-02-29,27.27,28.84,21.92,23.24,22.7666,32805167,0.0,JNUG
2024-01-31,34.14,34.54,25.93,26.7,26.1561,38101048,0.0,JNUG
2023-12-29,35.08,37.51,28.92,33.89,33.1997,33737536,0.1207,JNUG
2023-11-30,27.29,35.43,25.49,35.43,34.59,36526286,0.0,JNUG
2023-10-31,25.02,30.8399,22.76,26.85,26.2134,47477879,0.0,JNUG
2023-09-29,33.54,33.77,24.63,25.56,24.954,33142902,0.1316,JNUG
2023-08-31,34.0,34.68,27.31,32.36,31.4566,38987205,0.0,JNUG
2023-07-31,32.8101,40.18,30.37,35.81,34.8103,28196741,0.0,JNUG
2023-06-30,36.7,39.63,29.735,32.68,31.7676,25745145,0.1281,JNUG
2023-05-31,43.57,48.23,33.65,36.2,35.0531,21395366,0.0,JNUG
2023-04-28,42.58,51.5276,40.76,42.22,40.8824,25093591,0.0,JNUG
2023-03-31,32.308,43.5299,28.6,42.18,40.8437,46976021,0.1683,JNUG
2023-02-28,42.21,45.4182,29.16,31.58,30.433,21048911,0.0,JNUG
2023-01-31,37.7435,47.5599,37.51,42.5,40.9563,24642481,0.0,JNUG
2022-12-30,38.35,40.3,32.9,36.17,34.8562,31080457,0.0,JNUG
2022-11-30,27.53,37.0889,22.96,36.51,35.1839,39365338,0.0,JNUG
2022-10-31,27.5,31.76,22.89,25.91,24.9689,47072530,0.0,JNUG
2022-09-30,26.14,32.27,20.45,26.41,25.4507,48296884,0.0,JNUG
2022-08-31,36.25,39.6,27.1401,27.6,26.5975,37541727,0.0,JNUG
2022-07-29,32.2999,36.465,26.805,36.16,34.8466,51138617,0.0,JNUG
2022-06-30,52.82,59.51,33.265,33.46,32.2447,25889206,0.0,JNUG
2022-05-31,60.17,67.91,41.62,51.69,49.8125,34441506,0.0,JNUG
2022-04-29,76.04,93.66,61.23,63.65,61.3381,19618387,0.0,JNUG
2022-03-31,67.23,89.02,66.79,76.79,74.0008,21812774,0.0,JNUG
2022-02-28,54.0,72.14,50.18,65.86,63.4678,23056554,0.0,JNUG
2022-01-31,62.07,68.04,47.92,52.48,50.5738,24014215,0.0,JNUG
2021-12-31,65.88,67.32,50.63,64.13,61.8007,20733183,0.0,JNUG
2021-11-30,67.63,83.0,63.08,64.92,62.562,19570724,0.0,JNUG
2021-10-29,53.75,75.0,51.995,67.34,64.8941,22135598,0.0,JNUG
2021-09-30,68.54,71.7,50.26,52.85,50.9304,31217237,0.0,JNUG
2021-08-31,77.75,81.92,57.27,67.67,65.2121,23350078,0.0,JNUG
2021-07-30,83.41,87.3,68.72,77.74,74.9163,18702162,0.0,JNUG
2021-06-30,115.16,117.5,77.3105,81.57,78.6072,16555946,0.0,JNUG
2021-05-28,89.38,115.44,88.35,113.1,108.992,16296986,0.0,JNUG
2021-04-30,81.139,100.27,80.64,86.2,83.0691,16929424,0.0,JNUG
2021-03-31,85.25,94.7889,72.35,78.18,75.3404,25720839,0.3359,JNUG
2021-02-26,113.34,117.6299,80.06,82.5,79.1777,26188978,0.0,JNUG
2021-01-29,132.5,139.9,91.05,100.58,96.5296,24413153,0.0,JNUG
2020-12-31,108.79,124.9999,99.3503,120.56,115.705,24215543,0.0,JNUG
2020-11-30,121.0,148.81,91.97,101.09,97.0191,27102708,0.0,JNUG
2020-10-30,132.9,150.793,109.15,117.55,112.8163,24441828,0.0,JNUG
2020-09-30,161.99,167.5,113.62,129.0,123.8052,31523290,0.0,JNUG
2020-08-31,160.27,191.17,130.66,155.4,149.142,43656428,0.0,JNUG
2020-07-31,110.63,177.29,104.11,161.84,155.3227,42453053,0.0,JNUG
2020-06-30,100.93,111.64,79.74,110.33,105.887,51115613,0.0,JNUG
2020-05-29,72.58,110.22,71.5,97.58,93.6504,47990496,0.0,JNUG
2020-04-30,3.89,87.5,3.88,76.55,73.4673,564390875,0.0,JNUG
2020-03-31,51.75,67.9,3.32,3.97,38.1013,918942643,0.0122,JNUG
2020-02-28,74.6,105.24,42.5,46.74,447.6085,65240225,0.0,JNUG
2020-01-31,86.95,89.0,67.66,76.5,732.6069,62269173,0.0,JNUG
2019-12-31,60.98,87.78,60.1,83.47,799.3556,53021434,0.0,JNUG
2019-11-29,68.01,70.69,52.38,62.2,595.6621,57382306,0.0,JNUG
2019-10-31,56.57,69.72,53.41,69.44,664.9964,71653657,0.0,JNUG
2019-09-30,91.38,98.4,55.7,57.14,547.2047,75306114,0.1628,JNUG
2019-08-30,66.51,104.0,66.0,87.6,837.2403,62783017,0.0,JNUG
2019-07-31,54.66,87.99,50.6,70.34,672.2772,53976772,0.0,JNUG
2019-06-28,7.95,60.55,7.69,59.95,572.9744,330789923,0.0,JNUG
2019-05-31,7.44,7.77,6.31,7.55,360.797,308700796,0.0,JNUG
2019-04-30,9.89,10.5,7.05,7.56,361.2749,274728250,0.0,JNUG
2019-03-29,10.55,11.67,9.04,9.81,468.7972,267553166,0.0443,JNUG
2019-02-28,11.4,13.7,10.18,10.81,514.3839,196178676,0.0,JNUG
2019-01-31,9.15,11.62,8.2,11.62,552.927,204844414,0.0,JNUG
2018-12-31,6.8,9.33,6.57,9.21,438.2493,188167766,0.0053,JNUG
2018-11-30,7.6,8.09,6.13,6.45,306.7317,216160040,0.0,JNUG
2018-10-31,7.25,9.85,7.02,7.17,340.9715,293994407,0.0,JNUG
2018-09-28,7.53,8.63,6.4,7.4,351.9093,285131614,0.0,JNUG
2018-08-31,12.34,12.44,7.22,7.81,371.4069,338318424,0.0,JNUG
2018-07-31,13.31,15.22,12.17,12.35,587.308,172803949,0.0,JNUG
2018-06-29,13.8,14.53,12.91,13.65,649.1299,150875796,0.0,JNUG
2018-05-31,13.67,16.04,13.53,13.88,660.0676,201314556,0.0,JNUG
2018-04-30,14.0,16.41,12.99,13.84,658.1654,190927300,0.0,JNUG
2018-03-29,12.6,15.0,12.08,13.56,644.8499,266480666,0.0,JNUG
2018-02-28,16.02,16.63,11.34,12.96,616.3167,278990262,0.0,JNUG
2018-01-31,18.3,20.5,15.15,16.52,785.6136,247221400,0.0,JNUG
2017-12-29,14.42,18.3,12.04,17.76,844.5822,204096969,0.0,JNUG
2017-11-30,15.38,16.55,14.12,14.42,685.7475,192190773,0.0,JNUG
2017-10-31,17.75,20.44,14.635,15.16,720.9384,246373455,0.0,JNUG
2017-09-29,23.12,25.76,17.81,17.93,852.6666,252254273,0.0,JNUG
2017-08-31,18.34,22.74,15.7101,22.55,1072.3721,237969010,0.0,JNUG
2017-07-31,17.67,19.1,14.82,18.63,885.9553,252174205,0.0,JNUG
2017-06-30,15.99,21.8,15.91,18.62,885.4798,406674878,0.0,JNUG
2017-05-31,17.51,21.2,13.72,16.44,781.8092,432495175,0.0,JNUG
2017-04-28,6.5,7.6,4.14,4.5,855.9955,1030358605,0.0,JNUG
2017-03-31,7.15,8.31,5.2,6.46,1228.8291,1765859910,0.0225,JNUG
2017-02-28,8.57,13.03,7.4,7.85,1488.6857,926336557,0.0,JNUG
2017-01-31,5.7,9.64,5.68,8.93,1693.4985,1200290753,0.0,JNUG
2016-12-30,6.6,7.969,3.77,5.58,1058.1995,824333182,0.0,JNUG
2016-11-30,13.31,14.9149,6.06,6.69,1268.7015,690438398,0.0,JNUG
2016-10-31,17.18,17.67,9.5,12.16,2306.0405,531410169,0.0,JNUG
2016-09-30,15.57,25.64,15.2,17.43,3305.4511,361108646,0.0,JNUG
2016-08-31,291.75,332.88,15.4,15.97,3028.5745,78020407,0.0,JNUG
2016-07-29,214.08,315.04,194.37,291.66,5531.0836,15980139,0.0,JNUG
2016-06-30,109.22,212.24,99.79,199.1,3775.762,22609324,0.0,JNUG
2016-05-31,185.04,185.04,96.06,107.85,2045.2834,21699404,0.0,JNUG
2016-04-29,67.17,179.06,66.0,178.91,3392.8758,14927032,0.0,JNUG
2016-03-31,66.95,89.75,57.9,73.59,1395.5717,14582239,0.0,JNUG
2016-02-29,29.9,67.0,28.46,65.2,1236.4625,15370922,0.0,JNUG
2016-01-29,33.5,39.88,20.52,29.35,556.5978,16987868,0.0,JNUG
2015-12-31,31.32,36.95,28.75,31.05,588.8368,16669850,0.0,JNUG
2015-11-30,39.01,42.0,27.58,30.65,581.2512,22949873,0.0,JNUG
2015-10-30,37.73,62.89,34.401,39.83,755.342,19430461,0.0,JNUG
2015-09-30,9.2,10.4,6.44,7.52,713.052,154828484,0.0,JNUG
2015-08-31,8.31,13.03,6.48,8.81,835.3707,158957211,0.0,JNUG
2015-07-31,18.6,18.63,6.91,8.57,812.6138,105021836,0.0,JNUG
2015-06-30,23.65,24.07,18.5,18.67,1770.3033,38810502,0.0,JNUG
2015-05-29,20.64,27.6,19.8601,22.83,2164.7576,52578361,0.0,JNUG
2015-04-30,17.55,25.23,17.41,21.5,2038.646,71936565,0.0,JNUG
2015-03-31,29.7,30.05,13.16,16.96,1608.1598,102615054,0.0,JNUG
2015-02-27,31.5,36.152,25.41,29.19,2767.8175,49152262,0.0,JNUG
2015-01-30,22.6,48.5,22.26,34.1,3233.3873,74611271,0.0,JNUG
2014-12-31,3.79,25.49,1.82,24.34,2307.9369,549031365,0.112,JNUG
2014-11-28,4.04,6.09,2.8401,3.4,3102.4122,546861207,0.0,JNUG
2014-10-31,12.14,12.78,3.64,3.94,3595.1482,223523092,0.0,JNUG
2014-09-30,22.9,23.45,11.71,11.82,10785.4447,99260476,0.0,JNUG
2014-08-29,25.8,27.34,21.15,24.91,22729.7316,45672700,0.0,JNUG
2014-07-31,27.8,36.0,22.68,24.42,22282.6193,72197600,0.0,JNUG
2014-06-30,14.9,30.63,13.79,27.65,25229.9109,52381500,0.0009,JNUG
2014-05-30,18.37,20.8999,13.32,15.25,13914.7173,31440900,0.0,JNUG
2014-04-30,20.38,24.75,15.72,19.45,17746.9673,26766700,0.0,JNUG
2014-03-31,36.69,43.14,19.21,19.88,18139.3167,19939100,0.0,JNUG
2014-02-28,22.17,41.383,21.4,31.77,28988.234,10674700,0.0,JNUG
2014-01-31,17.26,27.98,15.63,21.6,19708.7143,5970700,0.0,JNUG
2013-12-31,17.54,17.74,12.8,15.6,14234.0714,2359600,0.0,JNUG
2013-11-29,29.92,30.27,17.2,19.45,17746.9673,1039400,0.0,JNUG
2024-09-25,71.77,75.3594,67.45,69.87,69.87,1159766,0.4009,BRZU
2024-08-30,64.36,79.0983,56.53,72.9,72.4892,1300371,0.0,BRZU
2024-07-31,62.63,71.5,59.96,63.35,62.993,1302973,0.0,BRZU
2024-06-28,69.9,71.2945,61.0,62.09,61.7401,1391227,1.3925,BRZU
2024-05-31,78.46,86.6079,69.65,70.46,68.5555,695680,0.0,BRZU
2024-04-30,85.73,88.91,72.5,78.06,75.9501,892633,0.0,BRZU
2024-03-28,91.14,92.0,83.3443,86.18,83.8506,426416,0.33,BRZU
2024-02-29,91.44,96.4099,85.269,90.22,87.4397,560551,0.0,BRZU
2024-01-31,101.64,102.1125,86.58,90.53,87.7402,678401,0.0,BRZU
2023-12-29,91.69,105.38,89.03,102.88,99.7096,609631,1.7848,BRZU
2023-11-30,73.3,95.25,73.26,93.34,88.8758,704830,0.0,BRZU
2023-10-31,76.8,78.53,66.25,71.9,68.4612,1389708,0.0,BRZU
2023-09-29,83.31,88.3,72.55,77.43,73.7267,1432164,0.3098,BRZU
2023-08-31,93.7,94.42,75.88,79.32,75.2514,1644428,0.0,BRZU
2023-07-31,91.11,98.6,80.61,96.65,91.6924,821091,0.0,BRZU
2023-06-30,69.43,94.2,69.09,89.38,84.7953,976362,1.106,BRZU
2023-05-31,66.24,76.9,61.7401,68.57,64.293,1387126,0.0,BRZU
2023-04-28,61.98,74.86,61.04,66.75,62.5865,1422865,0.0,BRZU
2023-03-31,64.0,68.93,52.99,63.2,59.2579,2407647,0.1285,BRZU
2023-02-28,77.37,80.24,63.58,63.71,59.6052,1657993,0.0,BRZU
2023-01-31,62.54,81.1,57.95,79.59,74.4621,3922319,0.0,BRZU
2022-12-30,78.58,81.1,60.62,68.61,64.1895,3733880,2.1499,BRZU
2022-11-30,86.8,96.15,65.22,78.66,71.351,3841987,0.0,BRZU
2022-10-31,81.89,96.29,76.2,86.37,78.3446,2924688,0.0,BRZU
2022-09-30,78.98,87.5,66.46,72.58,65.836,2163090,0.0785,BRZU
2022-08-31,70.31,90.1637,67.36,78.54,71.1749,1463654,0.0,BRZU
2022-07-29,61.77,72.92,54.41,71.91,65.1666,2078218,0.0,BRZU
2022-06-30,101.06,102.01,62.12,64.45,58.4062,1905894,0.843,BRZU
2022-05-31,85.13,103.57,72.43,99.97,89.4618,2020027,0.0,BRZU
2022-04-29,122.66,128.88,85.96,87.6,78.392,2410190,0.0,BRZU
2022-03-31,90.01,120.79,83.08,118.07,105.6592,2899202,0.1502,BRZU
2022-02-28,84.46,96.02,81.65,90.32,80.7123,2447225,0.0,BRZU
2022-01-31,64.16,84.35,59.1,83.75,74.8412,4056487,0.0,BRZU
2021-12-31,67.84,75.8,62.34,66.48,59.4083,4291436,3.5884,BRZU
2021-11-30,68.13,78.86,62.46,65.41,55.3251,6122742,0.0,BRZU
2021-10-29,84.87,87.93,63.86,67.22,56.8561,6100720,0.0,BRZU
2021-09-30,106.32,109.82,79.94,81.96,69.3235,5530528,0.0,BRZU
2021-08-31,119.8,121.6769,92.18,106.32,89.9277,4945791,0.0,BRZU
2021-07-30,135.91,135.91,112.37,112.62,95.2564,3791516,0.0,BRZU
2021-06-30,129.41,144.7556,128.27,134.64,113.8813,3109494,0.5951,BRZU
2021-05-28,102.8,121.91,99.61,121.45,102.2868,3395318,0.0,BRZU
2021-04-30,90.36,109.16,86.41,102.18,86.0574,3511309,0.0,BRZU
2021-03-31,87.0,97.14,76.37,91.17,76.7846,5836826,0.0,BRZU
2021-02-26,101.17,113.06,83.68,83.68,70.4764,3291431,0.0,BRZU
2021-01-29,120.15,126.5675,96.82,97.52,82.1327,3541274,0.0,BRZU
2020-12-31,98.0,124.0,98.0,116.1,97.781,2940738,0.3222,BRZU
2020-11-30,63.12,99.14,61.98,93.35,78.3982,3789083,0.0,BRZU
2020-10-30,65.06,77.29,60.37,61.86,51.9519,5619017,0.0,BRZU
2020-09-30,81.98,89.02,63.64,65.98,55.412,7482001,0.0,BRZU
2020-08-31,90.24,92.79,72.76,78.1,65.5908,9021303,0.0,BRZU
2020-07-31,75.46,100.9,75.46,93.56,78.5746,7609423,0.0,BRZU
2020-06-30,66.95,99.47,66.53,74.38,62.4666,11423907,0.3491,BRZU
2020-05-29,52.39,70.09,41.0,66.66,55.7516,9786527,0.0,BRZU
2020-04-30,1.33,62.84,1.28,56.48,47.2375,98536227,0.0,BRZU
2020-03-31,19.88,22.6,1.01,1.52,44.4943,303521453,0.0068,BRZU
2020-02-28,30.64,33.65,16.9,19.49,568.0298,50895074,0.0,BRZU
2020-01-31,39.49,41.32,29.11,29.82,869.0944,35833052,0.0,BRZU
2019-12-31,28.13,39.43,27.7,38.8,1130.8136,33788218,0.171,BRZU
2019-11-29,33.1,33.98,25.26,27.01,783.5559,35706821,0.0,BRZU
2019-10-31,26.88,33.49,24.29,31.84,923.6734,51984699,0.0,BRZU
2019-09-30,24.4,29.84,23.28,27.42,795.4499,39857409,0.0,BRZU
2019-08-30,34.58,35.98,21.35,25.56,741.4916,60289829,0.0,BRZU
2019-07-31,34.89,41.0,31.55,34.2,992.1366,52694821,0.0,BRZU
2019-06-28,28.87,35.31,27.38,32.88,953.8437,44853049,0.1966,BRZU
2019-05-31,28.55,29.19,19.47,28.18,812.4889,60355123,0.0,BRZU
2019-04-30,29.76,31.68,24.79,28.38,818.2554,59723635,0.0,BRZU
2019-03-29,33.07,38.35,24.67,28.02,807.8758,70148507,0.0,BRZU
2019-02-28,39.87,41.11,32.11,34.04,981.4451,35508527,0.0,BRZU
2019-01-31,26.44,41.57,26.31,40.64,1171.7371,40069497,0.0,BRZU
2018-12-31,29.49,29.71,21.56,24.97,719.9379,33187767,0.1502,BRZU
2018-11-30,30.63,33.62,22.75,27.62,791.4393,45894799,0.0,BRZU
2018-10-31,18.55,32.44,18.01,29.39,842.1579,87910073,0.0,BRZU
2018-09-28,15.34,20.23,14.27,18.7,535.8405,74159225,0.109,BRZU
2018-08-31,24.81,27.92,15.6,17.24,490.9787,68929464,0.0,BRZU
2018-07-31,17.1,27.24,16.94,24.68,702.8628,45133673,0.0,BRZU
2018-06-29,25.22,26.27,15.82,17.8,506.927,62884672,0.0,BRZU
2018-05-31,41.23,41.29,22.77,24.34,693.1799,29864732,0.0,BRZU
2018-04-30,50.73,51.15,39.86,42.17,1200.9613,10475849,0.0,BRZU
2018-03-29,55.07,59.05,44.85,51.24,1459.2662,7978799,0.0,BRZU
2018-02-28,60.94,62.73,42.77,54.48,1551.5383,7792979,0.0,BRZU
2018-01-31,43.23,65.25,42.99,60.31,1717.5711,9724320,0.0,BRZU
2017-12-29,36.24,41.49,33.249,40.28,1147.1359,13517862,0.2964,BRZU
2017-11-30,40.66,43.0,31.82,35.24,995.3109,17309592,0.0,BRZU
2017-10-31,45.02,53.895,39.3,40.41,1141.3312,10311771,0.0,BRZU
2017-09-29,43.2,53.09,42.58,46.0,1299.214,8130577,0.0,BRZU
2017-08-31,35.11,42.85,34.07,41.08,1160.2546,10884614,0.0,BRZU
2017-07-31,26.78,35.19,25.1801,35.1,991.3567,14966036,0.0,BRZU
2017-06-30,28.95,29.17,23.05,26.03,735.1856,22146987,0.0,BRZU
2017-05-31,39.7,50.41,20.38,28.22,797.0395,38013851,0.0,BRZU
2017-04-28,41.9,45.0595,36.38,39.53,1116.4767,5173201,0.0,BRZU
2017-03-31,45.69,47.9704,37.85,41.18,1163.0789,6179555,0.0,BRZU
2017-02-28,42.64,55.289,41.24,43.59,1231.1464,4984105,0.0,BRZU
2017-01-31,32.92,45.2,32.9,41.35,1167.8804,6105488,0.0,BRZU
2016-12-30,28.86,32.26,24.25,31.05,876.9694,8518713,0.0,BRZU
2016-11-30,47.03,47.23,25.3099,31.29,883.7479,11081448,0.0,BRZU
2016-10-31,34.71,50.35,34.24,47.47,1340.7323,4999447,0.0,BRZU
2016-09-30,34.16,40.92,29.01,34.12,963.6778,5661599,0.0,BRZU
2016-08-31,136.13,160.89,32.34,34.8,982.8836,2236831,0.0,BRZU
2016-07-29,106.65,138.81,89.72,138.36,976.9524,1430440,0.0,BRZU
2016-06-30,64.54,108.5099,62.87,105.09,742.0348,2412720,0.0,BRZU
2016-05-31,100.1,103.29,64.0101,64.87,458.0435,1706516,0.0,BRZU
2016-04-29,75.49,109.5,64.0,104.97,741.1874,1764509,0.0,BRZU
2016-03-31,10.38,88.73,10.24,77.52,547.3645,14181957,0.0,BRZU
2016-02-29,8.97,11.01,7.87,9.99,282.1554,6146266,0.0,BRZU
2016-01-29,11.0,11.0,6.6,9.7,273.9647,7008589,0.0,BRZU
2015-12-31,15.2,18.33,11.5,11.63,328.4752,7717218,0.0,BRZU
2015-11-30,16.9,22.94,14.9001,15.02,424.2216,5768550,0.0,BRZU
2015-10-30,15.11,23.25,14.17,16.42,463.7629,6409796,0.0,BRZU
2015-09-30,20.79,22.4599,11.68,15.07,425.6338,5926874,0.0,BRZU
2015-08-31,36.23,36.41,18.9,23.475,663.0228,2938426,0.0,BRZU
2015-07-31,57.77,58.54,33.2199,37.36,1055.1877,2709532,0.0,BRZU
2015-06-30,53.82,64.5,52.44,57.44,1622.3228,1692459,0.0,BRZU
2015-05-29,7.74,73.32,7.07,52.8,1491.2717,7233588,0.0,BRZU
2015-04-30,5.4,8.4764,5.33,7.61,2149.3518,14918571,0.0,BRZU
2015-03-31,7.39,7.4,3.99,5.06,1429.1354,13542072,0.0,BRZU
2015-02-27,6.9,7.95,6.0025,7.53,2126.7568,6608567,0.0,BRZU
2015-01-30,8.44,9.82,6.9453,7.04,1988.3622,4579680,0.0,BRZU
2014-12-31,12.29,12.29,6.3065,8.81,2488.2772,7051914,0.0,BRZU
2014-11-28,14.23,15.556,10.61,13.18,3722.5304,6834301,0.0,BRZU
2014-10-31,16.0,21.8501,10.5,15.1,4264.8111,9780615,0.0,BRZU
2014-09-30,32.01,34.57,16.3,16.81,4747.7797,2643618,0.0,BRZU
2014-08-29,24.67,33.1,22.91,33.04,9331.7455,1059600,0.0,BRZU
2014-07-31,24.11,30.19,22.85,24.6722,6968.3623,882000,0.0,BRZU
2014-06-30,20.7,25.97,20.05,23.89,6747.4395,1127400,0.0,BRZU
2014-05-30,21.65,26.0,20.81,21.05,5945.3161,1063400,0.0,BRZU
2014-04-30,19.95,24.6899,19.2,22.0201,6219.309,1284300,0.0,BRZU
2014-03-31,14.25,20.0399,12.8,19.55,5521.6593,2227500,0.0,BRZU
2014-02-28,13.62,15.86,12.3199,15.132,4273.8491,795700,0.0,BRZU
2014-01-31,18.9,18.9,13.15,13.54,3824.2081,635200,0.0,BRZU
2013-12-31,21.96,22.04,18.5201,20.25,5719.3658,403000,0.0,BRZU
2013-11-29,27.45,28.54,22.13,23.0168,6500.8148,285500,0.0,BRZU
2013-10-31,25.14,31.33,25.066,28.59,8074.8972,273600,0.0,BRZU
2013-09-30,18.5,28.4,18.0,25.04,7072.243,453900,0.0395,BRZU
2013-08-30,20.13,22.4,16.29,17.38,4900.8024,452300,0.0,BRZU
2013-07-31,19.51,22.18,16.06,19.401,5470.6829,360200,0.0,BRZU
2013-06-28,31.49,31.896,16.81,19.912,5614.7744,108100,0.0,BRZU
2013-05-31,37.54,41.79,30.5,30.5,8600.3725,44600,0.0,BRZU
